Title,Price,Odometer,Transmission,Engine
2018 Toyota RAV4 GXL Auto 2WD,"$41,800* ","23,228 km",Automatic,4cyl 2.0L Petrol
2018 Audi SQ5 Auto quattro MY18,"$74,500* ","72,545 km",Automatic,6cyl 3.0L Turbo Petrol
2013 Audi Q5 TDI Auto quattro MY14,"$22,000* ","175,500 km",Automatic,6cyl 3.0L Turbo Diesel
2002 Honda CR-V Sport Auto 4WD MY02,"$5,100* ","173,000 km",Automatic,4cyl 2.4L Petrol
2016 Honda CR-V VTi-L Auto MY17,"$28,850* ","55,923 km",Automatic,4cyl 2.0L Petrol
2021 MG ZS Excite Auto 2WD MY21,"$21,990 ",,Automatic,4cyl 1.5L Petrol
2021 Kia Stonic Sport Auto FWD MY22,"$27,010 ",,Automatic,4cyl 1.4L Petrol
2017 Hyundai Santa Fe Elite Auto 4x4 MY17,"$34,290* ","81,252 km",Automatic,4cyl 2.2L Turbo Diesel
2015 Toyota Landcruiser Prado GXL Auto 4x4,"$55,990* ","84,382 km",Automatic,4cyl 2.8L Turbo Diesel
2015 Ford Everest Trend UA Auto 4WD,"$40,990* ","149,942 km",Automatic,5cyl 3.2L Turbo Diesel
2020 Lexus NX NX300 F Sport Auto 2WD,"$69,880* ","18,765 km",Automatic,4cyl 2.0L Turbo Petrol
2020 Mercedes-Benz GLC-Class GLC63 AMG S Auto 4MATIC+,"$179,900* ","25,463 km",Automatic,8cyl 4.0L Turbo Petrol
2021 Renault Koleos Zen Auto MY21,"$40,835 ",,Automatic,4cyl 2.5L Petrol
2021 Audi Q5 40 TDI Sport Auto quattro ultra MY22,"$95,888 ",168 km,Automatic,4cyl 2.0L Turbo Diesel
2021 SKODA Kamiq 110TSI Monte Carlo Auto FWD MY21,"$39,540 ","2,110 km",Automatic,4cyl 1.5L Turbo Petrol
2015 BMW X1 sDrive20i F48 Auto,"$37,900 ","33,525 km",Automatic,4cyl 2.0L Turbo Petrol
2017 Honda CR-V VTi-LX Auto 4WD MY18,"$36,990* ","45,698 km",Automatic,4cyl 1.5L Turbo Petrol
2019 Toyota Landcruiser Sahara Auto 4x4,"$129,555* ","62,113 km",Automatic,8cyl 4.5L Turbo Diesel
2019 BMW X3 xDrive30i G01 Auto 4x4,"$67,222* ","24,226 km",Automatic,4cyl 2.0L Turbo Petrol
2019 BMW X3 xDrive30i G01 Auto 4x4,"$67,222* ","24,226 km",Automatic,4cyl 2.0L Turbo Petrol
2019 Nissan QASHQAI ST J11 Series 2 Auto,"$27,990* ","43,134 km",Automatic,4cyl 2.0L Petrol
2017 Lexus RX RX350 Luxury Auto 4x4,"$62,880* ","41,700 km",Automatic,6cyl 3.5L Petrol
2013 Mitsubishi ASX Aspire XB Auto 2WD MY13,"$17,888* ","108,987 km",Automatic,4cyl 2.0L Petrol
2017 Mercedes-Benz GLE-Class GLE350 d Auto 4MATIC,"$99,990* ","50,316 km",Automatic,6cyl 3.0L Turbo Diesel
2019 Land Rover Discovery Sport TD4 110kW HSE Auto 4x4 MY19,"$66,990* ","30,952 km",Automatic,4cyl 2.0L Turbo Diesel
2017 Toyota Kluger Grande Auto AWD,"$52,990* ","42,737 km",Automatic,6cyl 3.5L Petrol
2015 Jeep Grand Cherokee Limited Auto 4x4 MY15,"$33,789* ","96,158 km",Automatic,6cyl 3.6L Petrol
2018 Mercedes-Benz GLC-Class GLC43 AMG Auto 4MATIC,"$89,800 ","54,185 km",Automatic,6cyl 3.0L Turbo Petrol
2018 Subaru XV 2.0i-S G5X Auto AWD MY19,"$35,990* ","13,014 km",Automatic,4cyl 2.0L Petrol
2016 Mercedes-Benz GLC-Class GLC250 Auto 4MATIC,"$48,500* ","94,073 km",Automatic,4cyl 2.0L Turbo Petrol
2015 Subaru Outback 2.5i Premium 5GEN Auto AWD MY15,"$26,888* ","114,388 km",Automatic,4cyl 2.5L Petrol
2019 BMW X3 xDrive20d G01 Auto 4x4,"$76,988 ","12,809 km",Automatic,4cyl 2.0L Turbo Diesel
2018 Mazda CX-9 GT TC Auto i-ACTIV AWD,"$44,888* ","74,313 km",Automatic,4cyl 2.5L Turbo Petrol
2013 Audi Q3 TFSI Auto MY14,"$24,900* ","67,075 km",Automatic,4cyl 1.4L Turbo Petrol
2015 Toyota Kluger GXL Auto AWD,"$42,990* ","34,249 km",Automatic,6cyl 3.5L Petrol
2019 Mitsubishi ASX ES ADAS XC Auto 2WD MY19,"$26,888* ","36,932 km",Automatic,4cyl 2.0L Petrol
2019 Volkswagen Tiguan 132TSI R-Line Edition 5N Auto 4MOTION MY19.5,"$55,990* ","22,690 km",Automatic,4cyl 2.0L Turbo Petrol
2017 Toyota C-HR Koba Auto 2WD,"$31,990* ","54,456 km",Automatic,4cyl 1.2L Turbo Petrol
2021 Renault Koleos Intens Auto MY21,"$47,534 ",,Automatic,4cyl 2.5L Petrol
2016 Volkswagen Tiguan 110TSI Trendline 5N Auto 2WD MY17,"$29,800* ","59,221 km",Automatic,4cyl 1.4L Turbo Petrol
2017 Nissan X-TRAIL TS T32 Series II Auto 4WD,"$29,990* ","52,737 km",Automatic,4cyl 2.0L Turbo Diesel
2021 Mazda CX-5 Maxx Sport KF Series Auto FWD,"$40,490 ",,Automatic,4cyl 2.0L Petrol
2017 Porsche Macan 95B Auto AWD MY17,"$84,800 ","54,473 km",Automatic,4cyl 2.0L Turbo Petrol
2016 Holden Trailblazer LT RG Auto 4x4 MY17,"$45,990* ","67,091 km",Automatic,4cyl 2.8L Turbo Diesel
2013 Jeep Grand Cherokee Limited Auto 4x4 MY13,"$25,880* ","185,489 km",Automatic,6cyl 3.6L Petrol
2021 Volvo XC40 T4 Inscription Auto AWD MY22,"$65,777* ","1,105 km",Automatic,4cyl 2.0L Turbo Petrol
2016 Volkswagen Tiguan 132TSI Comfortline 5N Auto 4MOTION MY17,"$34,800* ","94,142 km",Automatic,4cyl 2.0L Turbo Petrol
2016 BMW X3 xDrive20d F25 LCI Auto 4x4,"$41,880* ","72,732 km",Automatic,4cyl 2.0L Turbo Diesel
2016 Volkswagen Tiguan 110TSI Trendline 5N Auto 2WD MY17,"$27,888* ","60,100 km",Automatic,4cyl 1.4L Turbo Petrol
2018 Toyota Kluger Grande Auto AWD,"$49,888* ","80,477 km",Automatic,6cyl 3.5L Petrol
2020 Jeep Grand Cherokee SRT Auto 4x4 MY21,"$119,990* ","21,796 km",Automatic,8cyl 6.4L Petrol
2016 Jeep Grand Cherokee SRT Night Edition Auto 4x4 MY16,"$79,800* ","92,382 km",Automatic,8cyl 6.4L Petrol
2021 SKODA Karoq 110TSI Auto FWD MY21,"$48,490 ","4,000 km",Automatic,4cyl 1.4L Turbo Petrol
2019 Toyota Kluger GX Auto AWD,"$46,990* ","18,604 km",Automatic,6cyl 3.5L Petrol
2017 Ford Everest Trend UA Auto 4WD,"$56,990* ","37,563 km",Automatic,5cyl 3.2L Turbo Diesel
2019 Toyota Fortuner GXL Auto 4x4,"$56,990* ","47,925 km",Automatic,4cyl 2.8L Turbo Diesel
2019 BMW X5 xDrive30d G05 Auto 4x4,"$119,900 ","18,451 km",Automatic,6cyl 3.0L Turbo Diesel
2018 Toyota C-HR Koba Auto 2WD,"$34,555* ","58,796 km",Automatic,4cyl 1.2L Turbo Petrol
2021 Volkswagen T-Cross 85TSI CityLife C1 Auto FWD MY21,"$35,390 ","4,528 km",Automatic,3cyl 1.0L Turbo Petrol
2020 Honda HR-V VTi Auto MY20,"$29,999* ","17,105 km",Automatic,4cyl 1.8L Petrol
2020 Holden Trax LTZ TJ Auto MY20,"$24,888* ","12,818 km",Automatic,4cyl 1.4L Turbo Petrol
2021 MG HS PHEV Essence Auto FWD MY21,"$47,690 ",550 km,Automatic,1.5T/209kW Hybrid
2017 Porsche Cayenne Diesel Platinum Edition 92A Auto 4x4 MY17,"$94,800 ","80,201 km",Automatic,6cyl 3.0L Turbo Diesel
2021 Audi Q5 45 TFSI Sport Auto quattro ultra MY21,"$89,850 ","2,589 km",Automatic,4cyl 2.0L Turbo Petrol
2016 Kia Sportage GT-Line Auto AWD MY17,"$29,990* ","48,586 km",Automatic,4cyl 2.4L Petrol
2012 Mercedes-Benz R-Class R350 CDI Auto AWD MY11,"$31,900* ","62,690 km",Automatic,6cyl 3.0L Turbo Diesel
2014 Hyundai ix35 SE Auto MY15,"$21,900* ","68,174 km",Automatic,4cyl 2.0L Petrol
2017 BMW X1 sDrive20i F48 Auto,"$42,900 ","46,781 km",Automatic,4cyl 2.0L Turbo Petrol
2017 Hyundai Tucson Active Auto 2WD MY18,"$26,789* ","67,545 km",Automatic,4cyl 2.0L Petrol
2021 Toyota Kluger Grande Auto 2WD,"$76,555* ","11,001 km",Automatic,6cyl 3.5L Petrol
2020 BMW X1 sDrive18d F48 LCI Auto,"$58,900 ","21,854 km",Automatic,4cyl 2.0L Turbo Diesel
2017 Toyota Kluger Grande Auto AWD,"$47,990* ","80,354 km",Automatic,6cyl 3.5L Petrol
2015 Audi SQ5 TDI Auto quattro MY15,"$51,880* ","76,911 km",Automatic,6cyl 3.0L Turbo Diesel
2016 Nissan QASHQAI Ti J11 Auto,"$23,990* ","98,645 km",Automatic,4cyl 2.0L Petrol
2017 BMW X3 xDrive30d G01 Auto 4x4,"$74,900 ","29,224 km",Automatic,6cyl 3.0L Turbo Diesel
2021 Renault Koleos Intens Auto MY21,"$46,952 ",,Automatic,4cyl 2.5L Petrol
2021 Alfa Romeo Stelvio Sport Auto AWD MY21,"$75,372 ",,Automatic,4cyl 2.0L Turbo Petrol
2017 Mazda CX-5 Akera KF Series Auto i-ACTIV AWD,"$35,888* ","87,466 km",Automatic,4cyl 2.5L Petrol
2018 Subaru Outback 2.5i Premium 5GEN Auto AWD MY18,"$40,999* ","48,841 km",Automatic,4cyl 2.5L Petrol
2018 Land Rover Range Rover Sport SDV6 225kW SE Auto 4x4 MY19,"$99,985* ","102,350 km",Automatic,6cyl 3.0L Turbo Diesel
2021 Audi Q5 40 TDI Auto quattro ultra MY21,"$79,850 ","2,158 km",Automatic,4cyl 2.0L Turbo Diesel
2020 Volvo XC90 D5 R-Design Auto AWD MY20,"$99,777* ","5,500 km",Automatic,4cyl 2.0L Turbo Diesel
2017 Nissan X-TRAIL ST-L T32 Series II Auto 2WD,"$25,990* ","78,397 km",Automatic,4cyl 2.5L Petrol
2020 Volkswagen T-Roc 140TSI X A1 Auto 4MOTION MY20,"$46,990* ","26,635 km",Automatic,4cyl 2.0L Turbo Petrol
2016 Audi Q3 TDI Auto quattro MY17,"$35,800* ","60,147 km",Automatic,4cyl 2.0L Turbo Diesel
2018 Audi Q5 TFSI sport Auto quattro ultra MY18,"$57,500* ","33,435 km",Automatic,4cyl 2.0L Turbo Petrol
2021 SKODA Kamiq 110TSI Limited Edition Auto FWD MY21,"$41,840 ",50 km,Automatic,4cyl 1.5L Turbo Petrol
2016 Holden Captiva LTZ CG Auto AWD MY17,"$21,888* ","51,001 km",Automatic,4cyl 2.2L Turbo Diesel
2021 Mercedes-Benz GLS-Class GLS63 AMG Auto 4MATIC+,"$299,900 ","12,000 km",Automatic,8cyl 4.0L Turbo Petrol
2016 Lexus RX RX350 Sports Luxury Auto 4x4,"$66,880* ","57,501 km",Automatic,6cyl 3.5L Petrol
2018 Mazda CX-8 Asaki KG Series Auto i-ACTIV AWD,"$49,990* ","33,932 km",Automatic,4cyl 2.2L Turbo Diesel
2020 Subaru Forester Hybrid S S5 Auto AWD MY20,"$47,900* ","10,889 km",Automatic,2.0i/12kW Hybrid
2021 SKODA Kamiq 110TSI Monte Carlo Auto FWD MY22,"$44,840 ",50 km,Automatic,4cyl 1.5L Turbo Petrol
2018 Hyundai Kona Elite Auto 2WD MY18,"$26,990* ","70,445 km",Automatic,4cyl 2.0L Petrol
2021 SKODA Kamiq 110TSI Monte Carlo Auto FWD MY21,"$43,990 ","2,500 km",Automatic,4cyl 1.5L Turbo Petrol
2016 Hyundai Tucson Active X Auto 2WD MY17,"$27,888* ","112,663 km",Automatic,4cyl 2.0L Petrol
2010 BMW X5 xDrive40d Sport E70 Auto 4x4 MY11,"$27,500* ","140,100 km",Automatic,6cyl 3.0L Turbo Diesel
2017 Hyundai Kona Elite Auto 2WD MY18,"$26,555* ","66,727 km",Automatic,4cyl 2.0L Petrol
2014 Mercedes-Benz GL-Class GL350 BlueTEC Auto 4x4,"$79,950* ","36,500 km",Automatic,6cyl 3.0L Turbo Diesel
2014 Nissan QASHQAI Ti J11 Auto,"$24,999* ","57,101 km",Automatic,4cyl 2.0L Petrol
2013 Nissan X-TRAIL ST T31 Auto 2WD Series V,"$15,500* ","88,500 km",Automatic,4cyl 2.0L Petrol
2018 BMW X4 M40i G02 Auto 4x4,"$97,888 ","39,000 km",Automatic,6cyl 3.0L Turbo Petrol
2014 Land Rover Defender Manual 4x4 MY14,"$85,000* ","34,000 km",Manual,4cyl 2.2L Turbo Diesel
2019 BMW X4 xDrive30i M Sport G02 Auto 4x4,"$84,880* ","24,470 km",Automatic,4cyl 2.0L Turbo Petrol
2018 Toyota Landcruiser GXL Manual 4x4,"$89,990* ","72,000 km",Manual,8cyl 4.5L Turbo Diesel
2017 Toyota RAV4 Cruiser Auto AWD,"$33,888* ","82,380 km",Automatic,4cyl 2.5L Petrol
2021 Mazda MX-30 G20e Evolve DR Series Auto,"$37,877 ",,Automatic,4cyl 2.0L Petrol
2014 Jeep Grand Cherokee Laredo Auto 4x4 MY15,"$27,500* ","135,247 km",Automatic,6cyl 3.0L Turbo Diesel
2018 Suzuki Vitara S Turbo Auto 2WD,"$25,250* ","50,534 km",Automatic,4cyl 1.4L Turbo Petrol
2015 Fiat 500X Cross Plus Auto AWD,"$22,900* ","48,730 km",Automatic,4cyl 1.4L Turbo Petrol
2018 Land Rover Range Rover Sport TDV6 SE Auto 4x4 MY18,"$132,990* ","44,734 km",Automatic,6cyl 3.0L Turbo Diesel
2018 Toyota Landcruiser Prado VX Auto 4x4,"$75,000* ","49,000 km",Automatic,4cyl 2.8L Turbo Diesel
2016 BMW X1 sDrive20i F48 Auto,"$36,900 ","88,024 km",Automatic,4cyl 2.0L Turbo Petrol
2014 Volkswagen Tiguan 103TDI Pacific 5N Auto 4MOTION MY14,"$22,800* ","80,161 km",Automatic,4cyl 2.0L Turbo Diesel
2020 Ford Everest Titanium UA II Auto 4WD MY20.75,"$69,990* ","25,960 km",Automatic,4cyl 2.0L Turbo Diesel
2015 Mazda CX-3 Akari DK Auto,"$18,000* ","118,294 km",Automatic,4cyl 2.0L Petrol
2021 Mercedes-Benz GLS-Class GLS400 d Auto 4MATIC,"$178,888* ","12,100 km",Automatic,6cyl 2.9L Turbo Diesel
2015 Jeep Grand Cherokee SRT Auto 4x4 MY15,"$57,789* ","164,825 km",Automatic,8cyl 6.4L Petrol
2006 Land Rover Discovery 3 HSE Auto 4x4,"$27,990* ","244,400 km",Automatic,6cyl 2.7L Turbo Diesel
2011 Honda CR-V Manual 4WD MY11,"$10,990* ","226,067 km",Manual,4cyl 2.4L Petrol
2021 Audi Q5 45 TFSI Sport Auto quattro ultra MY21,"$97,888 ",288 km,Automatic,4cyl 2.0L Turbo Petrol
2019 Toyota Landcruiser Prado VX Auto 4x4,"$82,500* ","21,936 km",Automatic,4cyl 2.8L Turbo Diesel
2013 Toyota Landcruiser Sahara Auto 4x4 MY13,"$75,500* ","236,400 km",Automatic,8cyl 4.5L Turbo Diesel
2017 Ford Everest Trend UA Auto RWD,"$49,888* ","74,618 km",Automatic,5cyl 3.2L Turbo Diesel
2016 Volkswagen Tiguan 140TDI Highline 5N Auto 4MOTION MY17,"$32,990* ","119,173 km",Automatic,4cyl 2.0L Turbo Diesel
2012 Toyota Landcruiser Prado GXL Auto 4x4,"$32,500* ","249,482 km",Automatic,6cyl 4.0L Petrol
2021 Mazda MX-30 E35 Astina DR Series Auto,"$69,977 ",,AC107kW,Electric (range: 224 km)
2015 BMW X5 sDrive25d F15 Auto,"$49,000* ","121,000 km",Automatic,4cyl 2.0L Turbo Diesel
2021 MG ZST Excite Auto MY21,"$28,888* ","6,584 km",Automatic,3cyl 1.3L Turbo Petrol
2018 Land Rover Range Rover Velar D300 R-Dynamic HSE Auto AWD MY18,"$112,000* ","50,000 km",Automatic,6cyl 3.0L Turbo Diesel
2016 Lexus RX RX350 F Sport Auto 4x4,"$58,990* ","67,037 km",Automatic,6cyl 3.5L Petrol
2018 Toyota RAV4 GXL Auto 2WD,"$41,800* ","23,228 km",Automatic,4cyl 2.0L Petrol
2021 Renault Captur Intens Auto,"$41,222 ",,Automatic,4cyl 1.3L Turbo Petrol
2018 Audi Q2 35 TFSI design Auto MY19,"$39,990* ","31,238 km",Automatic,4cyl 1.4L Turbo Petrol
2018 Lexus RX RX350 Crafted Edition Auto 4x4,"$72,000* ","29,082 km",Automatic,6cyl 3.5L Petrol
2019 Toyota Kluger Black Edition Auto 2WD,"$59,999* ","26,442 km",Automatic,6cyl 3.5L Petrol
2016 Toyota RAV4 GX Auto AWD,"$28,500* ","76,000 km",Automatic,4cyl 2.5L Petrol
2015 Mazda CX-5 Grand Touring KE Series 2 Auto AWD,"$28,000* ","99,412 km",Automatic,4cyl 2.5L Petrol
2020 Toyota Landcruiser VX Auto 4x4,"$132,000* ","33,000 km",Automatic,8cyl 4.5L Turbo Diesel
2012 Toyota RAV4 CV Manual 4x2 MY12,"$16,789* ","106,250 km",Manual,4cyl 2.4L Petrol
2015 Subaru Forester 2.5i-L S4 Auto AWD MY15,"$27,990* ","86,723 km",Automatic,4cyl 2.5L Petrol
2019 Toyota Fortuner GXL Auto 4x4,"$53,888* ","15,219 km",Automatic,4cyl 2.8L Turbo Diesel
2019 Toyota RAV4 Edge Auto AWD,"$50,000* ","22,900 km",Automatic,4cyl 2.5L Petrol
2016 Land Rover Range Rover Evoque TD4 150 SE Auto 4x4 MY16.5,"$43,900* ","89,000 km",Automatic,4cyl 2.0L Turbo Diesel
2012 Suzuki Grand Vitara Sport Auto 4x4 MY13,"$19,555* ","94,388 km",Automatic,4cyl 2.4L Petrol
2021 BMW X3 xDrive30i M Sport G01 Auto 4x4,"$94,900 ","1,846 km",Automatic,4cyl 2.0L Turbo Petrol
2003 Nissan Patrol ST GU III Manual 4x4 MY03,"$31,000* ","244,351 km",Manual,4cyl 3.0L Turbo Diesel
2021 Toyota RAV4 Cruiser Auto eFour,"$59,600* ","10,061 km",Automatic,2.5i/163kW Hybrid
2017 Land Rover Discovery Sport TD4 150 SE Auto 4x4 MY17,"$41,000* ","86,990 km",Automatic,4cyl 2.0L Turbo Diesel
2016 BMW X5 xDrive30d F15 Auto 4x4,"$70,000 ","49,295 km",Automatic,6cyl 3.0L Turbo Diesel
2020 Mazda CX-30 G25 Touring DM Series Auto,"$38,888* ","11,517 km",Automatic,4cyl 2.5L Petrol
2020 Kia Seltos Sport+ Auto 2WD MY20,"$32,990* ","21,435 km",Automatic,4cyl 2.0L Petrol
2016 Holden Captiva Active CG Auto 2WD MY16,"$18,555* ","91,519 km",Automatic,4cyl 2.4L Petrol
2021 Audi Q5 40 TDI S Line Auto quattro ultra MY21,"$83,880* ","6,341 km",Automatic,4cyl 2.0L Turbo Diesel
2011 Toyota Landcruiser Workmate Troopcarrier Manual 4x4 MY10,"$69,000* ","95,000 km",Manual,8cyl 4.5L Turbo Diesel
2015 Mazda CX-5 Grand Touring KE Series 2 Auto AWD,"$29,900* ","67,379 km",Automatic,4cyl 2.5L Petrol
2019 Lexus RX RX450h F Sport Auto 4x4,"$87,000* ","31,000 km",Automatic,3.5i/230kW Hybrid
2020 Ford Everest Trend UA II Auto 4WD MY20.25,"$62,990* ","8,416 km",Automatic,4cyl 2.0L Turbo Diesel
2018 Volkswagen Tiguan 140TDI Highline 5N Auto 4MOTION MY18,"$55,000* ","74,500 km",Automatic,4cyl 2.0L Turbo Diesel
2018 Ford Endura Trend CA Auto AWD MY19,"$30,000* ","46,863 km",Automatic,4cyl 2.0L Turbo Diesel
2018 Hyundai Tucson Go Auto 2WD MY19,"$26,800* ","54,186 km",Automatic,4cyl 2.0L Petrol
2016 Lexus NX NX200t Luxury Auto AWD,"$46,900* ","33,978 km",Automatic,4cyl 2.0L Turbo Petrol
2015 Suzuki Jimny Sierra Auto 4x4,"$27,500* ","32,400 km",Automatic,4cyl 1.3L Petrol
2015 Nissan Pathfinder ST-L R52 Auto 4WD MY15,"$25,000* ","157,186 km",Automatic,6cyl 3.5L Petrol
2018 Lexus NX NX300 F Sport Auto 2WD,"$59,000* ","32,520 km",Automatic,4cyl 2.0L Turbo Petrol
2016 Mazda CX-9 Azami TC Auto i-ACTIV AWD,"$41,800* ","74,310 km",Automatic,4cyl 2.5L Turbo Petrol
2016 Subaru Forester 2.5i-L S4 Auto AWD MY16,"$26,990* ","76,136 km",Automatic,4cyl 2.5L Petrol
2017 Nissan X-TRAIL ST-L T32 Series II Auto 2WD,"$26,550* ","37,640 km",Automatic,4cyl 2.5L Petrol
2016 Mercedes-Benz GLE-Class GLE43 AMG Auto 4MATIC,"$125,000* ","25,000 km",Automatic,6cyl 3.0L Turbo Petrol
2020 Lexus RX RX450h Sports Luxury Auto 4x4,"$109,880* ","5,893 km",Automatic,3.5i/230kW Hybrid
2012 Toyota FJ Cruiser Auto 4x4,"$45,800* ","58,199 km",Automatic,6cyl 4.0L Petrol
2018 Mercedes-Benz GLA-Class GLA180 Auto,"$38,999* ","65,000 km",Automatic,4cyl 1.6L Turbo Petrol
1990 Toyota Landcruiser Sahara Manual 4x4,"$40,000* ","570,000 km",Manual,6cyl 4.2L Turbo Diesel
2017 Mazda CX-5 Akera KE Series 2 Auto i-ACTIV AWD,"$31,999* ","91,622 km",Automatic,4cyl 2.5L Petrol
2013 Honda CR-V VTi Auto MY14,"$20,000* ","68,838 km",Automatic,4cyl 2.0L Petrol
2021 Nissan JUKE ST-L F16 Auto 2WD,"$30,990* ","6,496 km",Automatic,3cyl 1.0L Turbo Petrol
2016 Mazda CX-3 Maxx DK Manual,"$23,500* ","74,000 km",Manual,4cyl 2.0L Petrol
2019 Audi SQ5 Auto quattro MY20,"$94,888* ","21,488 km",Automatic,6cyl 3.0L Turbo Petrol
2019 Volkswagen Touareg 190TDI Launch Edition CR Auto 4MOTION MY19,"$90,000* ","27,000 km",Automatic,6cyl 3.0L Turbo Diesel
2019 Toyota Kluger GXL Auto AWD,"$52,900* ","23,082 km",Automatic,6cyl 3.5L Petrol
2021 Mazda MX-30 G20e Evolve DR Series Auto,"$37,877 ",,Automatic,4cyl 2.0L Petrol
2013 Volvo XC60 D5 R-Design Auto AWD MY13,"$19,998* ","155,000 km",Automatic,5cyl 2.4L Turbo Diesel
1991 Toyota Landcruiser GXL Auto 4x4,"$11,000* ","420,000 km",Automatic,6cyl 4.0L Petrol
2021 BMW X3 M Competition F97 Auto M xDrive,"$159,990 ","1,522 km",Automatic,6cyl 3.0L Turbo Petrol
2019 Audi Q5 50 TDI sport Auto quattro MY19,"$73,789* ","49,052 km",Automatic,6cyl 3.0L Turbo Diesel
2014 Jeep Cherokee Longitude Auto 4x4,"$23,990* ","40,041 km",Automatic,6cyl 3.2L Petrol
2018 Suzuki Vitara RT-S Auto 2WD,"$26,990* ","21,733 km",Automatic,4cyl 1.6L Petrol
2021 BMW X3 xDrive30i M Sport G01 Auto 4x4,"$89,888 ","4,334 km",Automatic,4cyl 2.0L Turbo Petrol
2021 Mazda CX-30 G25 Touring DM Series Auto,"$42,077 ",,Automatic,4cyl 2.5L Petrol
2021 BMW X4 M40i G02 Auto 4x4,"$139,900 ",61 km,Automatic,6cyl 3.0L Turbo Petrol
2012 Toyota Landcruiser Prado Altitude Auto 4x4,"$43,000* ","166,500 km",Automatic,4cyl 3.0L Turbo Diesel
2014 Toyota Landcruiser Prado VX Auto 4x4 MY14,"$54,500* ","101,000 km",Automatic,4cyl 3.0L Turbo Diesel
2021 Toyota Landcruiser Sahara Auto 4x4,"$175,000* ","10,000 km",Automatic,8cyl 4.5L Turbo Diesel
2021 Mercedes-Benz GLC-Class GLC300 Auto 4MATIC,"$103,890 ","13,104 km",Automatic,4cyl 2.0L Turbo Petrol
2017 Mercedes-Benz GLE-Class GLE350 d Auto 4MATIC,"$69,500* ","96,273 km",Automatic,6cyl 3.0L Turbo Diesel
2021 SKODA Karoq 110TSI Auto FWD MY21,"$45,260 ",500 km,Automatic,4cyl 1.4L Turbo Petrol
2020 Mazda CX-5 Touring KF Series Auto i-ACTIV AWD,"$41,999* ","30,381 km",Automatic,4cyl 2.2L Turbo Diesel
2019 Lexus NX NX300 F Sport Auto 2WD,"$58,850* ","25,167 km",Automatic,4cyl 2.0L Turbo Petrol
2018 BMW X3 xDrive30i G01 Auto 4x4,"$69,900 ","46,861 km",Automatic,4cyl 2.0L Turbo Petrol
2017 Volkswagen Tiguan 162TSI Highline 5N Auto 4MOTION MY17,"$42,888* ","70,862 km",Automatic,4cyl 2.0L Turbo Petrol
2017 Volkswagen Tiguan 110TSI Trendline 5N Auto 2WD MY17,"$27,990* ","56,783 km",Automatic,4cyl 1.4L Turbo Petrol
2017 Nissan X-TRAIL ST T32 Auto 2WD,"$22,880* ","137,324 km",Automatic,4cyl 2.5L Petrol
2021 Audi Q5 40 TDI S Line Auto quattro ultra MY21,"$98,888 ",288 km,Automatic,4cyl 2.0L Turbo Diesel
2019 Volkswagen Tiguan 162TSI Highline Allspace 5N Auto 4MOTION MY20,"$69,880* ","27,098 km",Automatic,4cyl 2.0L Turbo Petrol
2017 Nissan Pathfinder Ti R52 Series II Auto 4WD MY17,"$39,999* ","75,000 km",Automatic,6cyl 3.5L Petrol
2018 Audi SQ7 TDI Auto 4WD MY19,"$126,500* ","41,050 km",Automatic,8cyl 4.0L Diesel
2018 Ford Everest Trend UA II Auto 4WD MY19,"$55,990* ","48,245 km",Automatic,4cyl 2.0L Turbo Diesel
2018 Subaru Outback 2.5i Premium 5GEN Auto AWD MY18,"$38,500* ","22,243 km",Automatic,4cyl 2.5L Petrol
2019 Hyundai Kona Go Auto 2WD MY19,"$28,388* ","8,230 km",Automatic,4cyl 2.0L Petrol
2010 Toyota RAV4 Cruiser Auto 4x2,"$12,999* ","217,819 km",Automatic,4cyl 2.4L Petrol
2016 Mitsubishi Outlander Exceed ZK Auto 4WD MY16,"$25,990* ","84,951 km",Automatic,4cyl 2.4L Petrol
2020 BMW X5 M50i G05 Auto 4x4,"$165,000 ","8,978 km",Automatic,8cyl 4.4L Turbo Petrol
2018 BMW X1 sDrive18d F48 Auto,"$48,985* ","8,960 km",Automatic,4cyl 2.0L Turbo Diesel
2017 Toyota Landcruiser VX Auto 4x4,"$103,990* ","103,345 km",Automatic,8cyl 4.5L Turbo Diesel
2010 Toyota Landcruiser Prado VX Auto 4x4,"$45,990* ","127,800 km",Automatic,6cyl 4.0L Petrol
2021 Suzuki Jimny Manual 4x4,"$38,890* ",739 km,Manual,4cyl 1.5L Petrol
2018 Mercedes-Benz GLC-Class GLC63 AMG S Auto 4MATIC+,"$141,900* ","15,431 km",Automatic,8cyl 4.0L Turbo Petrol
2012 Jeep Patriot Limited Auto 4x4 MY12,"$14,999* ","102,324 km",Automatic,4cyl 2.4L Petrol
2020 Mitsubishi Pajero Sport Exceed QF Auto 4x4 MY20,"$63,888* ","15,246 km",Automatic,4cyl 2.4L Turbo Diesel
2016 Mitsubishi Outlander LS Safety Pack ZK Auto 2WD MY17,"$21,990* ","100,841 km",Automatic,4cyl 2.0L Petrol
2003 Nissan Patrol ST GU III Manual 4x4 MY03,"$18,500* ","273,000 km",Manual,4cyl 3.0L Turbo Diesel
2007 Hyundai Santa Fe SLX Auto 4x4 MY07,"$11,490* ","189,826 km",Automatic,4cyl 2.2L Turbo Diesel
2019 Lexus NX NX300 Luxury Auto 2WD,"$57,990* ","20,495 km",Automatic,4cyl 2.0L Turbo Petrol
2014 Mercedes-Benz GL-Class GL350 BlueTEC Auto 4x4,"$49,999* ","122,000 km",Automatic,6cyl 3.0L Turbo Diesel
2010 Volkswagen Tiguan 147TSI 5N Auto 4MOTION MY10,"$15,500* ","88,000 km",Automatic,4cyl 2.0L Turbo Petrol
2017 Toyota Landcruiser Prado GXL Auto 4x4,"$61,000* ","61,300 km",Automatic,4cyl 2.8L Turbo Diesel
2016 Jeep Grand Cherokee Limited Auto 4x4 MY15,"$46,789* ","53,525 km",Automatic,6cyl 3.0L Turbo Diesel
2016 Hyundai Santa Fe Highlander Auto 4x4 MY16,"$38,250* ","81,349 km",Automatic,4cyl 2.2L Turbo Diesel
2020 Nissan JUKE ST+ F16 Auto 2WD,"$28,990* ","5,647 km",Automatic,3cyl 1.0L Turbo Petrol
2018 Audi SQ5 Auto quattro MY18,"$74,500* ","72,545 km",Automatic,6cyl 3.0L Turbo Petrol
2020 Ford Everest Titanium UA II Auto 4WD MY20.75,"$68,000* ","37,505 km",Automatic,4cyl 2.0L Turbo Diesel
2016 Toyota Fortuner Crusade Auto 4x4,"$51,990* ","106,699 km",Automatic,4cyl 2.8L Turbo Diesel
2021 Haval H6 Lux Auto,"$35,485 ",,Automatic,4cyl 2.0L Turbo Petrol
2014 Nissan X-TRAIL ST-L T32 Auto 2WD,"$20,500* ","89,215 km",Automatic,4cyl 2.5L Petrol
2010 Land Rover Range Rover Vogue Autobiography Black Auto 4x4 MY11,"$87,000* ","176,009 km",Automatic,8cyl 5.0L S Petrol
2017 Mercedes-Benz GLC-Class GLC350 d Auto 4MATIC,"$65,789* ","112,968 km",Automatic,6cyl 3.0L Turbo Diesel
2020 Audi Q3 35 TFSI Launch Edition Auto MY20,"$62,000* ","21,000 km",Automatic,4cyl 1.4L Turbo Petrol
2018 Toyota Kluger Grande Auto AWD,"$54,880* ","72,665 km",Automatic,6cyl 3.5L Petrol
2021 Subaru XV 2.0i G5X Auto AWD MY21,"$33,250* ",700 km,Automatic,4cyl 2.0L Petrol
2017 BMW X3 xDrive20d G01 Auto 4x4,"$62,900 ","26,987 km",Automatic,4cyl 2.0L Turbo Diesel
2017 Land Rover Range Rover Evoque TD4 180 HSE Dynamic Auto 4x4 MY17,"$62,750* ","94,294 km",Automatic,4cyl 2.0L Turbo Diesel
2016 Toyota FJ Cruiser Auto 4x4 MY14,"$52,990* ","113,748 km",Automatic,6cyl 4.0L Petrol
2016 BMW X1 sDrive18d F48 Auto,"$38,990* ","34,928 km",Automatic,4cyl 2.0L Turbo Diesel
2012 Ford Territory Titanium SZ Auto,"$19,990* ","65,000 km",Automatic,6cyl 4.0L Petrol
2017 Porsche Macan S Diesel 95B Auto AWD MY18,"$88,000* ","37,000 km",Automatic,6cyl 3.0L Turbo Diesel
2017 BMW X4 xDrive35d F26 Auto 4x4,"$62,000* ","67,000 km",Automatic,6cyl 3.0L Turbo Diesel
2014 BMW X5 xDrive35i F15 Auto 4x4,"$60,900 ","61,643 km",Automatic,6cyl 3.0L Turbo Petrol
2017 Audi SQ7 TDI Auto 4WD MY17,"$129,990* ","54,153 km",Automatic,8cyl 4.0L Diesel
2004 Toyota Landcruiser GXL Auto 4x4,"$38,000* ","350,314 km",Automatic,6cyl 4.2L Turbo Diesel
2015 Honda HR-V VTi-S Auto MY15,"$23,500* ","45,730 km",Automatic,4cyl 1.8L Petrol
2013 Land Rover Discovery 4 SDV6 HSE Auto 4x4 MY13,"$52,000* ","147,000 km",Automatic,6cyl 3.0L Turbo Diesel
2021 MG ZST Vibe Auto MY21,"$26,000* ","7,000 km",Automatic,4cyl 1.5L Petrol
2021 Volkswagen Touareg 210TDI Elegance CR Auto 4MOTION MY21,"$125,888 ",,Automatic,6cyl 3.0L Turbo Diesel
2016 Hyundai Santa Fe Highlander Auto 4x4 MY17,"$36,888* ","45,500 km",Automatic,4cyl 2.2L Turbo Diesel
2014 Holden Captiva 7 LTZ CG Auto AWD MY14,"$17,000* ","76,955 km",Automatic,6cyl 3.0L Petrol
2021 Mazda CX-5 Maxx Sport KF Series Auto FWD,"$40,689 ",,Automatic,4cyl 2.0L Petrol
2004 Mitsubishi Pajero Exceed NP Auto 4x4 MY05,"$15,000* ","311,630 km",Automatic,6cyl 3.8L Petrol
2019 Jeep Grand Cherokee SRT Auto 4x4 MY19,"$112,500 ","26,000 km",Automatic,8cyl 6.4L Petrol
2014 Toyota Landcruiser Prado Kakadu Auto 4x4 MY14,"$55,990* ","103,600 km",Automatic,4cyl 3.0L Turbo Diesel
2019 Toyota Landcruiser Sahara Auto 4x4,"$135,000* ","68,172 km",Automatic,8cyl 4.5L Turbo Diesel
2015 BMW X3 xDrive30d F25 LCI Auto 4x4,"$42,120* ","74,500 km",Automatic,6cyl 3.0L Turbo Diesel
2021 Audi Q5 45 TFSI Sport Auto quattro ultra MY21,"$91,850 ","2,142 km",Automatic,4cyl 2.0L Turbo Petrol
2020 Volkswagen Tiguan 132TSI Comfortline Allspace 5N Auto 4MOTION MY20,"$50,800* ","13,040 km",Automatic,4cyl 2.0L Turbo Petrol
2021 Suzuki Ignis GLX Auto,"$23,990 ",,Automatic,4cyl 1.2L Petrol
2015 Toyota Landcruiser Prado GXL Auto 4x4,"$62,900* ","72,000 km",Automatic,4cyl 2.8L Turbo Diesel
2021 Renault Captur Intens Auto,"$41,222 ",,Automatic,4cyl 1.3L Turbo Petrol
2015 Land Rover Discovery Sport Si4 SE Auto 4x4 MY16,"$41,000* ","71,588 km",Automatic,4cyl 2.0L Turbo Petrol
2020 Mercedes-Benz GLE-Class GLE450 Auto 4MATIC,"$138,880* ","47,806 km",Automatic,6cyl 3.0L Turbo Petrol
2018 BMW X3 sDrive20i G01 Auto,"$57,950* ","43,900 km",Automatic,4cyl 2.0L Turbo Petrol
2014 Hyundai Santa Fe Highlander Auto 4x4 MY14,"$29,990* ","82,994 km",Automatic,4cyl 2.2L Turbo Diesel
2020 Volkswagen Tiguan 162TSI Highline Allspace 5N Auto 4MOTION MY20,"$69,880* ","15,724 km",Automatic,4cyl 2.0L Turbo Petrol
2015 Lexus NX NX200t F Sport Auto AWD,"$42,500* ","77,000 km",Automatic,4cyl 2.0L Turbo Petrol
2021 Mazda CX-5 Maxx Sport KF Series Auto FWD,"$40,689 ",,Automatic,4cyl 2.0L Petrol
2003 Toyota Landcruiser Prado GXL Auto 4x4,"$19,990* ","275,178 km",Automatic,6cyl 4.0L Petrol
2018 Volkswagen Tiguan 162TSI Highline 5N Auto 4MOTION MY18,"$52,800* ","51,488 km",Automatic,4cyl 2.0L Turbo Petrol
2017 Mitsubishi Outlander Exceed ZK Auto 4WD MY17,"$28,880* ","67,000 km",Automatic,4cyl 2.4L Petrol
2015 Fiat Freemont Lounge Auto MY15,"$16,500* ","73,000 km",Automatic,4cyl 2.4L Petrol
2019 Audi Q5 45 TFSI sport Auto quattro ultra MY19,"$74,900 ","31,201 km",Automatic,4cyl 2.0L Turbo Petrol
2010 Audi Q7 TDI Auto quattro MY11,"$23,000* ","152,428 km",Automatic,6cyl 3.0L Turbo Diesel
2021 Audi Q5 45 TFSI Auto quattro ultra MY22,"$82,888* ",174 km,Automatic,4cyl 2.0L Turbo Petrol
2021 Audi Q5 40 TDI Auto quattro ultra MY21,"$79,888 ",188 km,Automatic,4cyl 2.0L Turbo Diesel
2016 Honda CR-V VTi-L Auto MY17,"$28,850* ","55,923 km",Automatic,4cyl 2.0L Petrol
2017 Renault Koleos Intens Auto 4WD,"$31,555* ","46,178 km",Automatic,4cyl 2.5L Petrol
2015 Nissan Pathfinder ST R52 Auto 2WD MY15,"$25,990* ","71,358 km",Automatic,6cyl 3.5L Petrol
2017 Maserati Levante Sport Auto MY17,"$95,000* ","49,500 km",Automatic,6cyl 3.0L Turbo Diesel
2017 Lexus RX RX350 Luxury Auto 4x4,"$64,990* ","29,093 km",Automatic,6cyl 3.5L Petrol
2018 Mazda CX-5 Akera KF Series Auto i-ACTIV AWD,"$39,789* ","74,949 km",Automatic,4cyl 2.2L Turbo Diesel
2021 Hyundai Kona Highlander Auto 2WD MY21,"$38,888* ","1,451 km",Automatic,4cyl 2.0L Petrol
2017 Mercedes-Benz GLE-Class GLE63 AMG S Auto 4MATIC,"$173,000* ","38,000 km",Automatic,8cyl 5.5L Turbo Petrol
2021 Toyota Landcruiser Sahara Auto 4x4,"$235,000* ",95 km,Automatic,8cyl 4.5L Turbo Diesel
2020 BMW X5 M Competition F95 Auto M xDrive,"$198,000 ","18,022 km",Automatic,8cyl 4.4L Turbo Petrol
2017 Land Rover Range Rover Velar D240 R-Dynamic SE Auto AWD MY18,"$98,000* ","35,053 km",Automatic,4cyl 2.0L Turbo Diesel
2014 Land Rover Discovery TDV6 Auto 4x4 MY14,"$59,500* ","55,502 km",Automatic,6cyl 3.0L Turbo Diesel
2014 Volvo XC90 R-Design Auto 4WD MY14,"$28,900* ","71,400 km",Automatic,6cyl 3.2L Petrol
2017 BMW X3 xDrive30d G01 Auto 4x4,"$59,900 ","98,937 km",Automatic,6cyl 3.0L Turbo Diesel
2021 Mazda MX-30 G20e Evolve DR Series Auto,"$39,477 ",,Automatic,4cyl 2.0L Petrol
2021 Subaru Forester 2.5i S5 Auto AWD MY21,"$38,990* ","16,192 km",Automatic,4cyl 2.5L Petrol
2016 Toyota Kluger GXL Auto 2WD,"$33,888* ","102,955 km",Automatic,6cyl 3.5L Petrol
2021 Mazda CX-5 Akera KF Series Auto i-ACTIV AWD,"$52,500* ","13,987 km",Automatic,4cyl 2.5L Petrol
2021 Audi Q5 40 TDI Sport Auto quattro ultra MY22,"$84,888* ",188 km,Automatic,4cyl 2.0L Turbo Diesel
2013 Hyundai Santa Fe Active Auto 4x4 MY13,"$16,999* ","149,000 km",Automatic,4cyl 2.4L Petrol
2019 Porsche Cayenne 9YA Auto 4x4 MY19,"$157,000* ","24,800 km",Automatic,6cyl 3.0L Turbo Petrol
2021 Jeep Wrangler Unlimited Overland Auto 4x4 MY21,"$71,000* ","7,000 km",Automatic,6cyl 3.6L Petrol
2020 Land Rover Discovery SD4 SE Auto 4x4 MY20,"$99,000* ","25,500 km",Automatic,4cyl 2.0L Turbo Diesel
2015 Toyota Kluger GXL Auto AWD,"$40,000* ","42,500 km",Automatic,6cyl 3.5L Petrol
2013 Suzuki Jimny Sierra Auto 4x4 MY13,"$28,750* ","32,600 km",Automatic,4cyl 1.3L Petrol
2016 Mercedes-Benz GLC-Class GLC43 AMG Auto 4MATIC,"$74,000* ","55,500 km",Automatic,6cyl 3.0L Turbo Petrol
2019 Toyota Landcruiser Prado GXL Auto 4x4,"$70,300* ","44,500 km",Automatic,4cyl 2.8L Turbo Diesel
2021 Toyota Landcruiser Prado VX Auto 4x4,"$96,000* ",5 km,Automatic,4cyl 2.8L Turbo Diesel
2019 Nissan X-TRAIL Ti T32 Series II Auto 4WD,"$35,500* ","48,000 km",Automatic,4cyl 2.5L Petrol
2014 Hyundai ix35 Elite Auto,"$19,499* ","75,500 km",Automatic,4cyl 2.0L Petrol
2015 Lexus RX RX450h Sports Luxury Auto 4x4,"$61,980* ","60,000 km",Automatic,3.5i Hybrid
2002 Toyota Landcruiser GXL Manual 4x4,"$49,500* ","311,000 km",Manual,6cyl 4.2L Turbo Diesel
2017 Mercedes-Benz GLC-Class GLC250 d Auto 4MATIC,"$76,800* ","27,127 km",Automatic,4cyl 2.1L Turbo Diesel
2019 Toyota C-HR Koba Auto AWD,"$40,000* ","61,528 km",Automatic,4cyl 1.2L Turbo Petrol
2017 Tesla Model X 100D Auto AWD,"$155,990* ","56,000 km",AC330kW,Electric (range: 565 km)
2007 Toyota RAV4 Cruiser Auto 4x4,"$15,999* ","159,430 km",Automatic,4cyl 2.4L Petrol
2019 Toyota Landcruiser VX Auto 4x4,"$122,000* ","22,000 km",Automatic,8cyl 4.5L Turbo Diesel
2016 Toyota Landcruiser Sahara Auto 4x4,"$113,800* ","51,176 km",Automatic,8cyl 4.5L Turbo Diesel
2021 Toyota Landcruiser GXL Auto 4x4,"$124,900* ",156 km,Automatic,8cyl 4.5L Turbo Diesel
2021 Hyundai Tucson N Line Auto 2WD MY22,"$39,990 ","2,199 km",Automatic,4cyl 2.0L Petrol
2015 BMW X5 xDrive50i F15 Auto 4x4,"$57,990* ","116,000 km",Automatic,8cyl 4.4L Turbo Petrol
2007 Toyota Landcruiser Prado Grande Auto 4x4,"$19,200* ","278,000 km",Automatic,6cyl 4.0L Petrol
2015 Jeep Renegade Trailhawk Auto AWD MY16,"$26,000* ","75,000 km",Automatic,4cyl 2.4L Petrol
2017 Toyota Kluger Grande Auto AWD,"$52,300* ","48,900 km",Automatic,6cyl 3.5L Petrol
2021 Mercedes-Benz GLE-Class GLE63 AMG S Auto 4MATIC+,"$269,986* ","2,137 km",Automatic,8cyl 4.0L Turbo Petrol
2012 Kia Sportage Si Auto MY12,"$14,000* ","104,212 km",Automatic,4cyl 2.0L Petrol
2016 Mercedes-Benz GLE-Class GLE250 d Auto 4MATIC,"$46,500* ","175,000 km",Automatic,4cyl 2.1L Turbo Diesel
2016 Volkswagen Passat 140TDI Alltrack B8 Auto 4MOTION MY17,"$23,000* ","195,000 km",Automatic,4cyl 2.0L Turbo Diesel
2021 Land Rover Range Rover D350 Westminster Black Auto 4x4 MY21.5,"$288,888* ","8,450 km",Automatic,6cyl 3.0L Turbo Diesel
2017 Hyundai Tucson Active X Auto 2WD MY17,"$27,990* ","45,800 km",Automatic,4cyl 2.0L Petrol
2016 Nissan X-TRAIL ST T32 Auto 2WD,"$23,995* ","61,069 km",Automatic,4cyl 2.5L Petrol
2012 Suzuki Grand Vitara Urban Manual 2WD MY13,"$12,900* ","143,993 km",Manual,4cyl 2.4L Petrol
2013 Jeep Grand Cherokee SRT Auto 4x4 MY14,"$46,000* ","173,401 km",Automatic,8cyl 6.4L Petrol
2017 Volkswagen Tiguan 110TSI Comfortline 5N Auto 2WD MY18,"$36,500* ","29,800 km",Automatic,4cyl 1.4L Turbo Petrol
2021 Audi Q2 35 TFSI Auto MY22,"$55,999* ","1,970 km",Automatic,4cyl 1.5L Turbo Petrol
2019 Volkswagen Tiguan 132TSI Comfortline Allspace 5N Auto 4MOTION MY19.5,"$42,500* ","47,339 km",Automatic,4cyl 2.0L Turbo Petrol
2012 Mercedes-Benz M-Class ML350 BlueTEC Auto 4x4,"$32,500* ","176,689 km",Automatic,6cyl 3.0L Turbo Diesel
2013 BMW X6 xDrive30d E71 LCI Auto 4x4 MY13,"$39,900* ","150,800 km",Automatic,6cyl 3.0L Turbo Diesel
2018 Audi Q7 TDI Auto quattro MY18,"$82,985* ","36,890 km",Automatic,6cyl 3.0L Turbo Diesel
2015 Jeep Grand Cherokee SRT Auto 4x4 MY15,"$73,000* ","60,684 km",Automatic,8cyl 6.4L Petrol
2002 Honda CR-V Sport Auto 4WD MY02,"$5,100* ","173,000 km",Automatic,4cyl 2.4L Petrol
2020 Toyota Landcruiser Sahara Auto 4x4,"$145,000* ","8,800 km",Automatic,8cyl 4.5L Turbo Diesel
2012 BMW X5 xDrive30d E70 Auto 4x4 MY12,"$24,999* ","198,000 km",Automatic,6cyl 3.0L Turbo Diesel
2017 Holden Trax LTZ TJ Auto MY17,"$18,999* ","95,550 km",Automatic,4cyl 1.4L Turbo Petrol
2021 Toyota Landcruiser Prado GXL Auto 4x4,"$95,000* ","1,789 km",Automatic,4cyl 2.8L Turbo Diesel
2020 Alfa Romeo Stelvio Sport Auto AWD MY20,"$79,517 ",20 km,Automatic,4cyl 2.0L Turbo Petrol
2014 Toyota Kluger GX Auto 2WD,"$31,800* ","74,000 km",Automatic,6cyl 3.5L Petrol
2013 Kia Sportage Platinum Auto 4x4 MY13,"$19,999* ","86,000 km",Automatic,4cyl 2.0L Turbo Diesel
2012 Mitsubishi Outlander LS ZJ Auto 2WD MY13,"$14,880* ","115,751 km",Automatic,4cyl 2.0L Petrol
2019 BMW X5 M50i G05 Auto 4x4,"$150,000* ","16,000 km",Automatic,8cyl 4.4L Turbo Petrol
2017 Holden Trax LT TJ Auto MY18,"$20,500* ","59,000 km",Automatic,4cyl 1.4L Turbo Petrol
2014 Jeep Grand Cherokee Laredo Auto 4x4 MY15,"$23,000* ","154,380 km",Automatic,6cyl 3.0L Turbo Diesel
2017 Mazda CX-3 Maxx DK Auto,"$21,500* ","84,000 km",Automatic,4cyl 1.5L Turbo Diesel
2011 Ford Territory TS Limited Edition SY MKII Auto RWD,"$20,990* ","56,982 km",Automatic,6cyl 4.0L Petrol
2018 Kia Sportage GT-Line Auto AWD MY19,"$39,990* ","82,000 km",Automatic,4cyl 2.0L Turbo Diesel
2013 Audi Q3 TFSI Auto quattro MY13,"$19,900* ","107,800 km",Automatic,4cyl 2.0L Turbo Petrol
2016 Mazda CX-3 sTouring DK Auto,"$24,600* ","80,000 km",Automatic,4cyl 2.0L Petrol
2018 Volkswagen Tiguan 162TSI Highline 5N Auto 4MOTION MY19,"$52,888* ","54,500 km",Automatic,4cyl 2.0L Turbo Petrol
2018 Toyota Landcruiser Sahara Auto 4x4,"$115,250* ","97,500 km",Automatic,8cyl 4.5L Turbo Diesel
2013 BMW X5 xDrive30d F15 Auto 4x4,"$39,950* ","141,000 km",Automatic,6cyl 3.0L Turbo Diesel
2017 Nissan QASHQAI ST J11 Auto,"$21,500* ","52,265 km",Automatic,4cyl 2.0L Petrol
2017 Toyota Landcruiser Sahara Auto 4x4,"$116,066* ","68,158 km",Automatic,8cyl 4.5L Turbo Diesel
2013 BMW X3 xDrive20d F25 Auto 4x4 MY13,"$22,000* ","146,000 km",Automatic,4cyl 2.0L Turbo Diesel
2014 Audi RS Q3 Auto quattro MY14,"$50,000* ","67,250 km",Automatic,5cyl 2.5L Turbo Petrol
2014 Nissan QASHQAI Ti J11 Manual,"$17,600* ","188,500 km",Manual,4cyl 2.0L Petrol
2013 Audi Q5 TDI Auto quattro MY13,"$26,000* ","123,000 km",Automatic,6cyl 3.0L Turbo Diesel
2017 Mazda CX-9 Azami TC Auto,"$46,000* ","75,000 km",Automatic,4cyl 2.5L Turbo Petrol
2020 Kia Seltos Sport Auto 2WD MY20,"$26,700* ","19,903 km",Automatic,4cyl 2.0L Petrol
2019 Audi Q7 45 TDI Auto quattro MY19,"$84,990* ","19,812 km",Automatic,6cyl 3.0L Turbo Diesel
2019 BMW X5 xDrive30d M Sport G05 Auto 4x4,"$115,000* ","21,612 km",Automatic,6cyl 3.0L Turbo Diesel
2016 Nissan JUKE ST F15 Series 2 Auto 2WD,"$21,500* ","26,822 km",Automatic,4cyl 1.6L Petrol
2014 Mercedes-Benz GL-Class GL63 AMG Auto 4x4,"$69,999* ","115,000 km",Automatic,8cyl 5.5L Turbo Petrol
2015 Mercedes-Benz M-Class ML250 BlueTEC Auto 4x4 MY15,"$44,950* ","41,000 km",Automatic,4cyl 2.1L Turbo Diesel
2016 Holden Trax LS TJ Auto MY16,"$12,999* ","94,000 km",Automatic,4cyl 1.8L Petrol
2021 BMW X3 sDrive20i G01 Auto,"$75,500* ","4,000 km",Automatic,4cyl 2.0L Turbo Petrol
2009 BMW X6 xDrive50i E71 Auto 4x4,"$31,000* ","105,000 km",Automatic,8cyl 4.4L Turbo Petrol
2019 Audi Q5 45 TFSI sport Black Edition Auto quattro ultra MY19,"$69,950* ","38,100 km",Automatic,4cyl 2.0L Turbo Petrol
2013 Nissan Patrol DX Y61 Manual 4x4,"$39,500* ","64,652 km",Manual,4cyl 3.0L Turbo Diesel
2016 Subaru XV 2.0i-S G4X Auto AWD MY16,"$26,500* ","84,500 km",Automatic,4cyl 2.0L Petrol
2013 Nissan Dualis Ti-L J10 Series 4 Auto 2WD MY13,"$18,500* ","69,000 km",Automatic,4cyl 2.0L Petrol
2013 Mercedes-Benz GL-Class GL350 BlueTEC Auto 4x4,"$49,000* ","165,000 km",Automatic,6cyl 3.0L Turbo Diesel
2018 Maserati Levante GranSport Auto MY18,"$124,000* ","27,606 km",Automatic,6cyl 3.0L Turbo Diesel
2015 Mazda CX-5 Grand Touring KE Series 2 Auto AWD,"$26,400* ","90,350 km",Automatic,4cyl 2.5L Petrol
2003 Ford Explorer XLT UZ Auto 4x4,"$5,000* ","218,000 km",Automatic,6cyl 4.0L Petrol
2009 Porsche Cayenne Diesel 9PA Auto 4x4 MY09,"$27,500* ","238,207 km",Automatic,6cyl 3.0L Turbo Diesel
2015 Honda CR-V VTi-S Auto 4WD MY16,"$26,000* ","83,000 km",Automatic,4cyl 2.4L Petrol
1999 Toyota Landcruiser Prado Grande Auto 4x4,"$17,500* ","202,950 km",Automatic,6cyl 3.4L Petrol
2016 Mercedes-Benz GLE-Class GLE350 d Auto 4MATIC,"$56,999* ","97,909 km",Automatic,6cyl 3.0L Turbo Diesel
2011 Volkswagen Touareg V6 TDI 7P Auto 4MOTION MY12,"$25,500* ","152,000 km",Automatic,6cyl 3.0L Turbo Diesel
2017 Nissan JUKE Ti-S F15 Series 2 Auto AWD,"$25,900* ","5,400 km",Automatic,4cyl 1.6L Turbo Petrol
2009 Subaru Forester XS Premium S3 Auto AWD MY10,"$16,000* ","95,484 km",Automatic,4cyl 2.5L Petrol
1990 Toyota Landcruiser Troopcarrier Manual 4x4,"$22,000* ","432,564 km",Manual,6cyl 4.2L Diesel
2017 Haval H6 LUX Auto,"$20,990* ","47,888 km",Automatic,4cyl 2.0L Turbo Petrol
2017 Jeep Wrangler Overland Auto 4x4 MY17,"$52,000* ","16,100 km",Automatic,6cyl 3.6L Petrol
2013 Mercedes-Benz GL-Class GL350 BlueTEC Auto 4x4,"$48,000* ","113,126 km",Automatic,6cyl 3.0L Turbo Diesel
2021 Volvo XC60 T5 Momentum Auto AWD MY21,"$69,777* ","9,458 km",Automatic,4cyl 2.0L Turbo Petrol
2021 BMW X4 xDrive20i M Sport G02 Auto 4x4,"$94,888 ","1,857 km",Automatic,4cyl 2.0L Turbo Petrol
2020 Toyota RAV4 Cruiser Auto eFour,"$55,500* ","21,100 km",Automatic,2.5i/163kW Hybrid
2021 Hyundai Venue Elite Auto MY21,"$27,990 ","2,131 km",Automatic,4cyl 1.6L Petrol
2007 Land Rover Discovery 3 SE Auto 4x4,"$16,000* ","308,318 km",Automatic,6cyl 4.0L Petrol
2021 Toyota Landcruiser VX Auto 4x4,"$130,000* ","9,247 km",Automatic,8cyl 4.5L Turbo Diesel
2014 Holden Trax LTZ TJ Auto MY14,"$15,950* ","62,500 km",Automatic,4cyl 1.8L Petrol
2014 Toyota FJ Cruiser Auto 4x4 MY14,"$35,500* ","249,603 km",Automatic,6cyl 4.0L Petrol
2017 Subaru Forester 2.5i-L Special Edition S4 Auto AWD MY18,"$32,000* ","51,081 km",Automatic,4cyl 2.5L Petrol
2016 Land Rover Range Rover Evoque TD4 150 SE Auto 4x4 MY17,"$49,000* ","67,000 km",Automatic,4cyl 2.0L Turbo Diesel
2015 Holden Captiva 7 LTZ CG Auto AWD MY15,"$18,999* ","54,921 km",Automatic,6cyl 3.0L Petrol
2014 Nissan Pathfinder Ti R52 Auto 4WD MY14,"$31,990* ","41,000 km",Automatic,6cyl 3.5L Petrol
2021 Mazda CX-9 Azami LE TC Auto i-ACTIV AWD,"$64,999* ","1,500 km",Automatic,4cyl 2.5L Turbo Petrol
2016 Mercedes-Benz GLA-Class GLA250 Auto 4MATIC,"$43,500* ","42,950 km",Automatic,4cyl 2.0L Turbo Petrol
2001 Toyota Landcruiser Prado Grande Auto 4x4,"$17,800* ","324,568 km",Automatic,4cyl 3.0L Turbo Diesel
2017 BMW X3 xDrive20d F25 LCI Auto 4x4,"$49,500* ","56,500 km",Automatic,4cyl 2.0L Turbo Diesel
2010 BMW X6 xDrive35d E71 Auto 4x4 MY10,"$29,000* ","164,448 km",Automatic,6cyl 3.0L Turbo Diesel
2017 Audi Q5 TDI sport Auto quattro ultra MY18,"$48,000* ","79,752 km",Automatic,4cyl 2.0L Turbo Diesel
2017 Audi SQ7 TDI Auto 4WD MY17,"$120,000* ","40,471 km",Automatic,8cyl 4.0L Diesel
2018 Toyota Landcruiser Prado GXL Auto 4x4,"$67,999* ","41,384 km",Automatic,4cyl 2.8L Turbo Diesel
2015 Volvo XC90 T6 Inscription Auto AWD MY16,"$48,750* ","135,000 km",Automatic,4cyl 2.0L TSPetrol
2016 Jeep Grand Cherokee Overland Auto 4x4 MY15,"$42,000* ","78,000 km",Automatic,6cyl 3.0L Turbo Diesel
2010 Land Rover Range Rover Sport Super Charged Auto 4x4 MY10,"$35,000* ","120,000 km",Automatic,8cyl 5.0L S Petrol
2017 Mercedes-Benz GLS-Class GLS350 d Auto 4MATIC,"$88,000* ","128,440 km",Automatic,6cyl 3.0L Turbo Diesel
2013 Land Rover Range Rover Sport SDV6 Luxury Auto 4x4 MY13,"$49,990* ","180,000 km",Automatic,6cyl 3.0L Turbo Diesel
2013 Nissan Dualis ST J10 Series 3 Auto 2WD MY12,"$13,750* ","99,000 km",Automatic,4cyl 2.0L Petrol
2014 BMW X4 xDrive30d F26 Auto 4x4,"$42,000* ","80,000 km",Automatic,6cyl 3.0L Turbo Diesel
2013 Audi Q5 TDI Auto quattro MY14,"$22,000* ","175,500 km",Automatic,6cyl 3.0L Turbo Diesel
2013 Holden Captiva 7 SX CG Auto MY13,"$13,900* ","66,952 km",Automatic,4cyl 2.4L Petrol
2006 Ford Territory Ghia SY Auto AWD,"$9,500* ","133,000 km",Automatic,6cyl 4.0L Petrol
2011 Volkswagen Tiguan 103TDI 5N Auto 4MOTION MY11,"$12,000* ","180,000 km",Automatic,4cyl 2.0L Turbo Diesel
2016 Mitsubishi Outlander LS ZK Auto 2WD MY16,"$25,000* ","47,293 km",Automatic,4cyl 2.0L Petrol
2018 Toyota Kluger GX Auto 2WD,"$39,900* ","19,700 km",Automatic,6cyl 3.5L Petrol
2018 Mazda CX-5 GT KF Series Auto i-ACTIV AWD,"$41,500* ","56,700 km",Automatic,4cyl 2.5L Petrol
2017 Maserati Levante Auto MY17,"$78,800* ","75,314 km",Automatic,6cyl 3.0L Turbo Diesel
2017 Suzuki Vitara S Turbo Auto 4WD,"$19,000* ","119,400 km",Automatic,4cyl 1.4L Turbo Petrol
2017 Hyundai Tucson Elite Auto 2WD MY18,"$25,500* ","111,000 km",Automatic,4cyl 2.0L Petrol
2020 Audi SQ8 TDI Auto quattro MY20,"$189,000* ","55,000 km",Automatic,8cyl 4.0L Diesel
2021 Suzuki Jimny GLX Manual 4x4,"$42,500* ","1,700 km",Manual,4cyl 1.5L Petrol
2016 Volkswagen Golf Alltrack 132TSI 7 Auto 4MOTION MY16,"$27,500* ","81,000 km",Automatic,4cyl 1.8L Turbo Petrol
2001 Toyota Landcruiser Standard Manual 4x4,"$70,000* ","76,000 km",Manual,6cyl 4.2L Diesel
2018 Toyota Landcruiser Sahara Auto 4x4,"$110,000* ","145,000 km",Automatic,8cyl 4.5L Turbo Diesel
2013 Mercedes-Benz M-Class ML250 BlueTEC Auto 4x4,"$43,000* ","69,000 km",Automatic,4cyl 2.1L Turbo Diesel
2016 Nissan QASHQAI Ti J11 Auto,"$29,880* ","4,195 km",Automatic,4cyl 2.0L Petrol
2019 Kia Sportage S Auto 2WD MY20,"$29,888* ","70,467 km",Automatic,4cyl 2.0L Petrol
2017 Mitsubishi ASX XLS XC Auto 2WD MY18,"$27,888* ","43,539 km",Automatic,4cyl 2.0L Petrol
2016 Subaru XV 2.0i G4X Auto AWD MY16,"$25,777* ","37,381 km",Automatic,4cyl 2.0L Petrol
2018 Hyundai Tucson Active X Auto 2WD MY18,"$25,880* ","97,020 km",Automatic,4cyl 2.0L Petrol
2019 Nissan X-TRAIL ST T32 Series II Auto 2WD,"$27,480* ","52,561 km",Automatic,4cyl 2.5L Petrol
2021 BMW X3 xDrive30i M Sport G01 LCI Auto 4x4,"$96,890 ","1,589 km",Automatic,4cyl 2.0L Turbo Petrol
2021 Audi Q2 35 TFSI Auto MY21,"$59,500 ","4,000 km",Automatic,4cyl 1.5L Turbo Petrol
2012 Subaru XV 2.0i-L G4X Auto AWD MY12,"$19,490* ","126,062 km",Automatic,4cyl 2.0L Petrol
2013 Holden Trax LS TJ Auto MY14,"$13,484* ","86,837 km",Automatic,4cyl 1.8L Petrol
2021 Land Rover Range Rover Sport D300 SE Auto 4x4 MY22,"$179,990 ",,Automatic,6cyl 3.0L Turbo Diesel
2020 Audi RS Q3 Auto quattro MY20,"$119,888* ","13,114 km",Automatic,5cyl 2.5L Turbo Petrol
2014 Land Rover Defender Manual 4x4 MY14,"$77,990* ","77,268 km",Manual,4cyl 2.2L Turbo Diesel
2015 Land Rover Range Rover Sport SDV6 SE Auto 4x4 MY16,"$77,990* ","69,270 km",Automatic,6cyl 3.0L Turbo Diesel
2021 Toyota RAV4 Cruiser Auto eFour,"$64,990* ",16 km,Automatic,2.5i/163kW Hybrid
2016 Audi Q7 TDI Auto quattro MY16,"$58,880* ","75,342 km",Automatic,6cyl 3.0L Turbo Diesel
2015 Volvo XC90 D5 Inscription Auto AWD MY16,"$49,900* ","108,899 km",Automatic,4cyl 2.0L Turbo Diesel
2017 Volkswagen Tiguan 162TSI Sportline 5N Auto 4MOTION MY18,"$47,990* ","28,498 km",Automatic,4cyl 2.0L Turbo Petrol
2020 Subaru Forester 2.5i-L S5 Auto AWD MY20,"$39,999* ","18,065 km",Automatic,4cyl 2.5L Petrol
2017 Mazda CX-5 GT KF Series Auto i-ACTIV AWD,"$37,990* ","64,987 km",Automatic,4cyl 2.5L Petrol
2021 Suzuki S-Cross Turbo Prestige Auto,"$31,990 ",,Automatic,4cyl 1.4L Turbo Petrol
2016 Mitsubishi Outlander LS Safety Pack ZK Auto 2WD MY17,"$25,970* ","97,301 km",Automatic,4cyl 2.0L Petrol
2014 Mitsubishi ASX XLS XB Auto 2WD MY15,"$20,888* ","100,388 km",Automatic,4cyl 2.0L Petrol
2007 Nissan Elgrand Highway Star E51 Auto,"$18,990* ","115,449 km",Automatic,6cyl 3.5L Petrol
2012 Nissan X-TRAIL ST T31 Manual 2WD Series IV,"$15,888* ","102,246 km",Manual,4cyl 2.0L Petrol
2018 BMW X5 M F85 Auto 4x4,"$107,878* ","43,711 km",Automatic,8cyl 4.4L Turbo Petrol
2017 Mercedes-Benz GLC-Class GLC250 Auto 4MATIC,"$69,880* ","22,708 km",Automatic,4cyl 2.0L Turbo Petrol
2021 Jeep Compass Launch Edition Auto FWD MY21,"$42,990 ",,Automatic,4cyl 2.4L Petrol
2016 Volkswagen Tiguan 162TSI Highline 5N Auto 4MOTION MY17,"$39,990* ","78,861 km",Automatic,4cyl 2.0L Turbo Petrol
2019 Nissan X-TRAIL ST T32 Series II Auto 2WD,"$29,980* ","40,413 km",Automatic,4cyl 2.5L Petrol
2017 Audi SQ7 TDI Auto 4WD MY17,"$109,800* ","76,277 km",Automatic,8cyl 4.0L Diesel
2019 BMW X4 xDrive30i M Sport G02 Auto 4x4,"$74,900* ","48,329 km",Automatic,4cyl 2.0L Turbo Petrol
2017 Lexus RX RX350 Sports Luxury Auto 4x4,"$63,880* ","89,451 km",Automatic,6cyl 3.5L Petrol
2018 Kia Sorento Si Auto AWD MY18,"$39,999* ","55,570 km",Automatic,4cyl 2.2L Turbo Diesel
2013 Lexus RX RX350 Luxury Auto 4x4,"$34,900* ","105,237 km",Automatic,6cyl 3.5L Petrol
2017 Audi SQ7 TDI Auto 4WD MY17,"$114,880* ","49,791 km",Automatic,8cyl 4.0L Diesel
2021 Volkswagen Touareg 170TDI CR Auto 4MOTION MY21,"$95,369 ",,Automatic,6cyl 3.0L Turbo Diesel
2016 Land Rover Range Rover Sport SDV6 SE Auto 4x4 MY16,"$85,800* ","80,338 km",Automatic,6cyl 3.0L Turbo Diesel
2019 Audi Q5 40 TDI sport Auto quattro ultra MY20,"$72,990* ","20,337 km",Automatic,4cyl 2.0L Turbo Diesel
2018 Volkswagen Tiguan 162TSI Highline Allspace 5N Auto 4MOTION MY19,"$58,888* ","30,495 km",Automatic,4cyl 2.0L Turbo Petrol
2018 Toyota Kluger Grande Auto AWD,"$53,888* ","48,889 km",Automatic,6cyl 3.5L Petrol
2020 Jeep Compass Limited Auto 4x4 MY20,"$44,888 ",256 km,Automatic,4cyl 2.4L Petrol
2020 Toyota RAV4 GX Manual 2WD,"$41,995* ","5,526 km",Manual,4cyl 2.0L Petrol
2020 Subaru XV 2.0i Premium G5X Auto AWD MY20,"$36,990* ","10,994 km",Automatic,4cyl 2.0L Petrol
2018 Toyota Kluger GX Auto 2WD,"$36,870* ","88,500 km",Automatic,6cyl 3.5L Petrol
2015 Audi Q5 TFSI Auto quattro MY16,"$36,800* ","53,110 km",Automatic,4cyl 2.0L Turbo Petrol
2021 Haval H6 Lux Auto,"$35,485 ",,Automatic,4cyl 2.0L Turbo Petrol
2021 Renault Captur Zen Auto,"$34,990 ",,Automatic,4cyl 1.3L Turbo Petrol
2012 Audi Q5 TDI Auto quattro MY12,"$16,888* ","147,805 km",Automatic,4cyl 2.0L Turbo Diesel
2013 Hyundai ix35 SE Auto,"$16,880* ","121,549 km",Automatic,4cyl 2.0L Petrol
2020 Maserati Levante Trofeo Auto MY20,"$349,888* ","10,500 km",Automatic,8cyl 3.8L Turbo Petrol
2016 Porsche Macan S 95B Auto AWD MY17,"$77,800* ","56,952 km",Automatic,6cyl 3.0L Turbo Petrol
2016 Mercedes-Benz GLE-Class GLE350 d Auto 4MATIC,"$71,850 ","72,046 km",Automatic,6cyl 3.0L Turbo Diesel
2019 BMW X1 xDrive25i F48 LCI Auto AWD,"$58,888* ","16,024 km",Automatic,4cyl 2.0L Turbo Petrol
2018 Audi Q5 TFSI sport Auto quattro ultra MY18,"$58,800* ","76,441 km",Automatic,4cyl 2.0L Turbo Petrol
2021 Mazda MX-30 G20e Astina DR Series Auto,"$42,388 ","2,500 km",Automatic,4cyl 2.0L Petrol
2021 Mazda CX-30 G25 Touring DM Series Auto,"$40,888 ",,Automatic,4cyl 2.5L Petrol
2020 Mazda CX-5 Touring KF Series Auto i-ACTIV AWD,"$38,876* ","32,350 km",Automatic,4cyl 2.5L Petrol
2007 Nissan Elgrand Highway Star E51 Auto,"$20,990* ","62,803 km",Automatic,6cyl 3.5L Petrol
2021 Suzuki Ignis GL Manual,"$20,990 ",,Manual,4cyl 1.2L Petrol
2021 Mazda CX-5 Akera KF Series Auto i-ACTIV AWD,"$57,412 ",,Automatic,4cyl 2.2L Turbo Diesel
2019 Isuzu MU-X LS-M Auto 4x4 MY19,"$50,950* ","69,416 km",Automatic,4cyl 3.0L Turbo Diesel
2020 Toyota Yaris Cross GXL Auto 2WD,"$38,990* ","12,094 km",Automatic,1.5i/85kW Hybrid
2018 Toyota RAV4 GXL Auto AWD,"$31,888* ","97,882 km",Automatic,4cyl 2.5L Petrol
2016 Mazda CX-3 Akari DK Auto i-ACTIV AWD,"$26,990* ","46,559 km",Automatic,4cyl 2.0L Petrol
2017 Mitsubishi ASX XLS XC Auto 2WD MY17,"$22,888* ","76,548 km",Automatic,4cyl 2.0L Petrol
2012 BMW X1 sDrive18i E84 Auto MY12,"$18,800* ","95,855 km",Automatic,4cyl 2.0L Petrol
2021 Jaguar F-PACE P250 R-Dynamic SE Auto AWD MY21.25,"$114,990 ",10 km,Automatic,4cyl 2.0L Turbo Petrol
2017 Toyota Landcruiser Sahara Auto 4x4,"$107,888* ","86,180 km",Automatic,8cyl 4.5L Turbo Diesel
2012 Land Rover Range Rover Vogue TDV8 Luxury Auto 4x4 MY12,"$74,990* ","84,949 km",Automatic,8cyl 4.4L Turbo Diesel
2021 Mitsubishi Eclipse Cross PHEV Exceed YB Auto AWD MY22,"$58,990 ","1,505 km",Automatic,2.4i/60kW Hybrid
2021 Subaru XV 2.0i-S G5X Auto AWD MY21,"$43,555 ","2,120 km",Automatic,4cyl 2.0L Petrol
2016 Mercedes-Benz GLA-Class GLA180 Auto,"$39,800* ","59,128 km",Automatic,4cyl 1.6L Turbo Petrol
2015 Mitsubishi Pajero Sport GLS QE Auto 4x4 MY16,"$37,990* ","114,315 km",Automatic,4cyl 2.4L Turbo Diesel
2016 Subaru Outback 2.5i Premium 5GEN Auto AWD MY16,"$27,888* ","95,694 km",Automatic,4cyl 2.5L Petrol
2013 Nissan Pathfinder ST R52 Auto 4WD MY14,"$22,999* ","128,674 km",Automatic,6cyl 3.5L Petrol
2021 Suzuki Ignis GL Auto,"$22,585 ",,Automatic,4cyl 1.2L Petrol
2003 Volvo XC70 Auto 4x4 MY03,"$5,990* ","224,506 km",Automatic,5cyl 2.5L Turbo Petrol
2016 Land Rover Range Rover V8SC Autobiography LWB Auto 4x4 MY16.5,"$219,990* ","54,402 km",Automatic,8cyl 5.0L S Petrol
2021 Volkswagen Touareg 170TDI CR Auto 4MOTION MY21,"$107,200 ",,Automatic,6cyl 3.0L Turbo Diesel
2020 Volvo XC60 T8 Polestar Auto 4x4 MY21,"$103,990* ","2,936 km",Automatic,2.0TSC/311kW Hybrid
2020 BMW X2 M35i F39 Auto AWD,"$67,888* ","4,250 km",Automatic,4cyl 2.0L Turbo Petrol
2015 Mercedes-Benz GLE-Class GLE250 d Auto 4MATIC,"$67,850 ","75,613 km",Automatic,4cyl 2.1L Turbo Diesel
2016 Mercedes-Benz GLE-Class GLE250 d Auto 4MATIC,"$56,789* ","94,285 km",Automatic,4cyl 2.1L Turbo Diesel
2019 Subaru Forester 2.5i Premium S5 Auto AWD MY20,"$44,999* ","18,535 km",Automatic,4cyl 2.5L Petrol
2020 Nissan X-TRAIL Ti T32 Series II Auto 4WD,"$44,980* ","7,045 km",Automatic,4cyl 2.5L Petrol
2018 Subaru Forester 2.5i S5 Auto AWD MY19,"$36,999* ","56,988 km",Automatic,4cyl 2.5L Petrol
2018 Toyota C-HR Koba Auto 2WD,"$36,990* ","29,697 km",Automatic,4cyl 1.2L Turbo Petrol
2018 Mazda CX-3 Maxx Sport DK Auto FWD,"$27,990* ","19,049 km",Automatic,4cyl 2.0L Petrol
2013 Toyota RAV4 Cruiser Auto AWD MY14,"$26,888* ","120,590 km",Automatic,4cyl 2.2L Turbo Diesel
2016 Mazda CX-5 Maxx Sport KE Series 2 Auto AWD,"$23,888* ","119,301 km",Automatic,4cyl 2.5L Petrol
2020 Volvo XC90 D5 Momentum Auto AWD MY20,"$89,666* ","3,985 km",Automatic,4cyl 2.0L Turbo Diesel
2016 Land Rover Range Rover Sport TDV6 SE Auto 4x4 MY16.5,"$81,800* ","76,265 km",Automatic,6cyl 3.0L Turbo Diesel
2017 Toyota Kluger GXL Auto AWD,"$40,900* ","106,652 km",Automatic,6cyl 3.5L Petrol
2018 Mazda CX-3 Akari DK Manual FWD,"$28,888* ","39,001 km",Manual,4cyl 2.0L Petrol
2019 Nissan X-TRAIL ST T32 Series II Auto 2WD,"$27,880* ","44,948 km",Automatic,4cyl 2.5L Petrol
2017 Mitsubishi ASX LS XC Auto 2WD MY18,"$23,800* ","95,179 km",Automatic,4cyl 2.0L Petrol
2020 Volkswagen Touareg 170TDI CR Auto 4MOTION MY21,"$108,800 ","2,015 km",Automatic,6cyl 3.0L Turbo Diesel
2016 Land Rover Range Rover Sport SDV6 HSE Auto 4x4 MY16,"$84,800* ","70,821 km",Automatic,6cyl 3.0L Turbo Diesel
2021 Hyundai Palisade Highlander Auto 2WD MY22,"$78,201 ",,Automatic,6cyl 3.8L Petrol
2017 Volvo XC90 D5 R-Design Auto AWD MY17,"$64,888* ","97,407 km",Automatic,4cyl 2.0L Turbo Diesel
2019 Toyota Kluger Grande Auto AWD,"$56,880* ","44,302 km",Automatic,6cyl 3.5L Petrol
2021 Nissan JUKE ST-L F16 Auto 2WD,"$35,990 ","1,590 km",Automatic,3cyl 1.0L Turbo Petrol
2021 Hyundai Venue Active Auto MY21,"$28,617 ",,Automatic,4cyl 1.6L Petrol
2016 Toyota RAV4 GX Auto AWD,"$27,990* ","84,553 km",Automatic,4cyl 2.5L Petrol
2018 Maserati Levante GranSport Auto MY19,"$119,800* ","53,649 km",Automatic,6cyl 3.0L Turbo Petrol
2020 BMW X3 xDrive30i M Sport G01 Auto 4x4,"$84,709 ","9,000 km",Automatic,4cyl 2.0L Turbo Petrol
2017 Porsche Cayenne Diesel Platinum Edition 92A Auto 4x4 MY18,"$83,880* ","85,869 km",Automatic,6cyl 3.0L Turbo Diesel
2021 Jeep Compass Launch Edition Auto FWD MY21,"$42,990 ",,Automatic,4cyl 2.4L Petrol
2017 Audi Q3 TFSI Sport Auto quattro MY17,"$42,800* ","48,012 km",Automatic,4cyl 2.0L Turbo Petrol
2018 Audi Q3 TFSI Auto MY18,"$40,880* ","44,563 km",Automatic,4cyl 1.4L Turbo Petrol
2021 Haval Jolion Lux Auto,"$29,490 ",,Automatic,4cyl 1.5L Turbo Petrol
2018 Ford Escape Ambiente ZG Auto 2WD MY18,"$23,990* ","46,640 km",Automatic,4cyl 1.5L Turbo Petrol
2009 Subaru Forester XT Premium S3 Auto AWD MY09,"$13,999* ","218,787 km",Automatic,4cyl 2.5L Turbo Petrol
2021 Audi Q5 45 TFSI Sport Auto quattro ultra MY21,"$95,800 ","2,125 km",Automatic,4cyl 2.0L Turbo Petrol
2020 Toyota RAV4 GX Auto 2WD,"$42,888* ","2,380 km",Automatic,4cyl 2.0L Petrol
2016 Mercedes-Benz GLA-Class GLA250 Auto 4MATIC,"$42,800* ","68,576 km",Automatic,4cyl 2.0L Turbo Petrol
2020 MG HS Essence Auto FWD MY20,"$39,690 ",,Automatic,4cyl 1.5L Turbo Petrol
2021 Volkswagen T-Cross 85TSI CityLife C1 Auto FWD MY21,"$36,065 ",,Automatic,3cyl 1.0L Turbo Petrol
2019 Subaru XV 2.0i-S G5X Auto AWD MY19,"$32,999* ","79,417 km",Automatic,4cyl 2.0L Petrol
2018 Nissan QASHQAI N-TEC J11 Series 2 Auto,"$31,990* ","27,267 km",Automatic,4cyl 2.0L Petrol
2019 Land Rover Range Rover Evoque D180 SE Auto 4x4 MY20,"$78,990* ","25,161 km",Automatic,4cyl 2.0L Turbo Diesel
2021 Mazda CX-5 GT KF Series Auto i-ACTIV AWD,"$51,752 ",,Automatic,4cyl 2.5L Petrol
2016 BMW X4 xDrive20d F26 Auto 4x4,"$48,880* ","66,795 km",Automatic,4cyl 2.0L Turbo Diesel
2014 Hyundai Santa Fe Highlander Auto 4x4 MY14,"$31,890* ","81,094 km",Automatic,4cyl 2.2L Turbo Diesel
2019 Mitsubishi Outlander ES ZL Auto 2WD MY19,"$29,996* ","55,805 km",Automatic,4cyl 2.4L Petrol
2015 Audi Q3 TDI Auto quattro MY14,"$28,990* ","97,000 km",Automatic,4cyl 2.0L Turbo Diesel
2016 Subaru Outback 2.5i 5GEN Auto AWD MY17,"$26,990* ","93,386 km",Automatic,4cyl 2.5L Petrol
2010 Mitsubishi ASX XA Auto 2WD MY11,"$18,990* ","152,603 km",Automatic,4cyl 2.0L Petrol
2017 Kia Sportage Si Auto 2WD MY17,"$18,748* ","176,479 km",Automatic,4cyl 2.0L Petrol
2019 Land Rover Discovery SD4 SE Auto 4x4 MY19,"$104,888* ","31,600 km",Automatic,4cyl 2.0L Turbo Diesel
2021 Audi Q5 40 TDI Auto quattro ultra MY21,"$78,880* ","3,147 km",Automatic,4cyl 2.0L Turbo Diesel
2018 Ford Everest Trend UA II Auto 4WD MY19,"$55,555* ","81,435 km",Automatic,4cyl 2.0L Turbo Diesel
2016 Mercedes-Benz GLA-Class GLA250 Auto 4MATIC,"$47,999* ","48,993 km",Automatic,4cyl 2.0L Turbo Petrol
2019 Toyota RAV4 GX Auto eFour,"$44,888* ","81,635 km",Automatic,2.5i/163kW Hybrid
2020 Jeep Compass Limited Auto 4x4 MY20,"$42,888 ","5,124 km",Automatic,4cyl 2.4L Petrol
2018 Volkswagen Tiguan 132TSI Comfortline 5N Auto 4MOTION MY18,"$38,990* ","58,850 km",Automatic,4cyl 2.0L Turbo Petrol
2021 Suzuki S-Cross Turbo Auto,"$31,585 ",10 km,Automatic,4cyl 1.4L Turbo Petrol
2019 Hyundai Tucson Active X Auto 2WD MY20,"$29,980* ","61,466 km",Automatic,4cyl 2.0L Petrol
2016 Volkswagen Golf Alltrack 132TSI 7 Auto 4MOTION MY16,"$22,990* ","84,822 km",Automatic,4cyl 1.8L Turbo Petrol
2021 Hyundai Palisade Auto 2WD MY21,"$65,111 ",,Automatic,6cyl 3.8L Petrol
2017 Lexus RX RX350 F Sport Auto 4x4,"$57,990* ","95,271 km",Automatic,6cyl 3.5L Petrol
2017 Lexus RX RX200t Luxury Auto,"$55,100* ","71,727 km",Automatic,4cyl 2.0L Turbo Petrol
2017 Ford Everest Trend UA Auto RWD,"$42,888* ","89,409 km",Automatic,5cyl 3.2L Turbo Diesel
2020 Toyota RAV4 GX Auto 2WD,"$39,900* ","32,312 km",Automatic,4cyl 2.0L Petrol
2021 Nissan JUKE ST-L F16 Auto 2WD,"$38,035 ",,Automatic,3cyl 1.0L Turbo Petrol
2020 MG HS Vibe Auto FWD MY20,"$29,290 ",10 km,Automatic,4cyl 1.5L Turbo Petrol
2021 Land Rover Range Rover Velar P400 R-Dynamic HSE Auto AWD MY21,"$170,990 ","4,701 km",Automatic,6cyl 3.0L Petrol
2020 Land Rover Defender 110 D240 SE Auto AWD MY20,"$119,988* ","20,165 km",Automatic,4cyl 2.0L Turbo Diesel
2015 Mercedes-Benz GLE-Class GLE450 AMG Auto 4MATIC,"$84,500* ","77,279 km",Automatic,6cyl 3.0L Turbo Petrol
2019 Volvo XC60 D5 R-Design Auto AWD MY20,"$79,888* ","5,231 km",Automatic,4cyl 2.0L Turbo Diesel
2021 Mitsubishi Pajero Sport GLS QF Auto 4x4 MY21,"$54,990 ","5,200 km",Automatic,4cyl 2.4L Turbo Diesel
2021 Mazda CX-30 G25 Astina DM Series Auto,"$44,475 ","2,497 km",Automatic,4cyl 2.5L Petrol
2019 Subaru Forester 2.5i S5 Auto AWD MY19,"$37,888* ","44,579 km",Automatic,4cyl 2.5L Petrol
2021 Volkswagen T-Cross 85TSI CityLife C1 Auto FWD MY21,"$34,878 ",750 km,Automatic,3cyl 1.0L Turbo Petrol
2014 Hyundai Santa Fe Elite Auto 4x4 MY14,"$31,800* ","69,068 km",Automatic,4cyl 2.2L Turbo Diesel
2018 Kia Sportage Si Auto 2WD MY18,"$19,748* ","163,086 km",Automatic,4cyl 2.0L Petrol
2021 Jaguar E-PACE P250 R-Dynamic SE Auto AWD MY21,"$104,990 ",,Automatic,4cyl 2.0L Turbo Petrol
2021 BMW X3 xDrive30i M Sport G01 Auto 4x4,"$89,639 ","3,000 km",Automatic,4cyl 2.0L Turbo Petrol
2017 Toyota Landcruiser Prado GXL Auto 4x4,"$64,990* ","69,572 km",Automatic,4cyl 2.8L Turbo Diesel
2018 Hyundai Santa Fe Highlander Auto 4x4 MY19,"$47,950* ","89,410 km",Automatic,4cyl 2.2L Turbo Diesel
2016 Isuzu MU-X LS-M Auto 4x4 MY15.5,"$36,990* ","180,465 km",Automatic,4cyl 3.0L Turbo Diesel
2021 Volkswagen T-Cross 85TSI CityLife C1 Auto FWD MY21,"$34,090 ",,Automatic,3cyl 1.0L Turbo Petrol
2012 Mazda CX-5 Maxx KE Series Manual,"$17,990* ","92,601 km",Manual,4cyl 2.0L Petrol
2021 Audi Q5 40 TDI Auto quattro ultra MY21,"$78,808 ","8,433 km",Automatic,4cyl 2.0L Turbo Diesel
2020 Volvo XC60 D4 Inscription Auto AWD MY20,"$69,800* ","16,215 km",Automatic,4cyl 2.0L Turbo Diesel
2020 Toyota RAV4 Cruiser Auto eFour,"$62,990* ","5,852 km",Automatic,2.5i/163kW Hybrid
2020 SKODA Kodiaq 132TSI Auto 4x4 MY20.5,"$58,880* ","20,116 km",Automatic,4cyl 2.0L Turbo Petrol
2020 Lexus UX UX200 Sport Luxury Auto 2WD,"$55,880* ","2,525 km",Automatic,4cyl 2.0L Petrol
2016 Land Rover Range Rover Evoque TD4 150 SE Auto 4x4 MY16.5,"$53,880* ","19,825 km",Automatic,4cyl 2.0L Turbo Diesel
2018 Toyota Kluger GXL Auto 2WD,"$52,888* ","12,004 km",Automatic,6cyl 3.5L Petrol
2017 Subaru Forester 2.5i-S S4 Auto AWD MY17,"$30,990* ","101,561 km",Automatic,4cyl 2.5L Petrol
2021 Toyota RAV4 GXL Auto 2WD,"$52,990* ",20 km,Automatic,2.5i/160kW Hybrid
2018 Nissan Pathfinder Ti R52 Series III Auto 2WD MY19,"$44,990* ","40,253 km",Automatic,6cyl 3.5L Petrol
2020 Jeep Compass Limited Auto 4x4 MY20,"$43,888 ",56 km,Automatic,4cyl 2.4L Petrol
2018 Volkswagen Tiguan 162TSI Sportline 5N Auto 4MOTION MY18,"$36,880* ","109,329 km",Automatic,4cyl 2.0L Turbo Petrol
2016 Subaru Outback 2.5i Premium 5GEN Auto AWD MY16,"$26,984* ","128,513 km",Automatic,4cyl 2.5L Petrol
2015 Hyundai Tucson Active X Auto 2WD,"$21,990* ","100,868 km",Automatic,4cyl 2.0L Petrol
2015 Mitsubishi ASX LS XB Auto 2WD MY15,"$21,980* ","30,877 km",Automatic,4cyl 2.0L Petrol
2019 Lexus RX RX450hL Sports Luxury Auto 4x4,"$103,880* ","15,019 km",Automatic,3.5i/230kW Hybrid
2018 Suzuki Vitara S Turbo Auto 2WD,"$28,888* ","27,001 km",Automatic,4cyl 1.4L Turbo Petrol
2020 MG HS Vibe Auto FWD MY20,"$27,990* ","11,412 km",Automatic,4cyl 1.5L Turbo Petrol
2015 Volkswagen Tiguan 155TSI R-Line 5N Auto 4MOTION MY15,"$27,500* ","87,945 km",Automatic,4cyl 2.0L Turbo Petrol
2014 Jeep Cherokee Longitude Auto 4x4,"$19,990* ","86,524 km",Automatic,6cyl 3.2L Petrol
2019 BMW X5 xDrive30d G05 Auto 4x4,"$112,988 ","27,344 km",Automatic,6cyl 3.0L Turbo Diesel
2021 Volkswagen Tiguan 110TSI Comfortline Allspace 5N Auto 2WD MY21,"$48,390* ","4,540 km",Automatic,4cyl 1.4L Turbo Petrol
2021 Jeep Compass Trailhawk Auto 4x4 MY20,"$46,888 ","1,355 km",Automatic,4cyl 2.0L Turbo Diesel
2020 Jeep Compass Limited Auto 4x4 MY20,"$42,888 ","5,746 km",Automatic,4cyl 2.4L Petrol
2021 Mazda CX-30 G25 Touring DM Series Auto,"$38,888 ",,Automatic,4cyl 2.5L Petrol
2021 SKODA Karoq 110TSI Auto FWD MY21,"$38,800* ","2,399 km",Automatic,4cyl 1.4L Turbo Petrol
2021 Haval H6 Lux Auto,"$35,485 ",,Automatic,4cyl 2.0L Turbo Petrol
2021 Nissan JUKE ST+ F16 Auto 2WD,"$32,990 ","4,291 km",Automatic,3cyl 1.0L Turbo Petrol
2016 Hyundai Tucson Elite Auto AWD,"$31,990* ","26,258 km",Automatic,4cyl 1.6L Turbo Petrol
2020 Hyundai Kona Auto 2WD MY21,"$28,888* ","12,428 km",Automatic,4cyl 2.0L Petrol
2015 Suzuki Vitara RT-S Manual 2WD,"$14,990* ","163,485 km",Manual,4cyl 1.6L Petrol
2021 Land Rover Discovery Sport D200 R-Dynamic SE Auto 4x4 MY21,"$101,990 ","5,509 km",Automatic,4cyl 2.0L Turbo Diesel
2021 BMW X3 xDrive30i M Sport G01 Auto 4x4,"$97,552 ","2,003 km",Automatic,4cyl 2.0L Turbo Petrol
2016 Land Rover Range Rover Sport SDV8 HSE Auto 4x4 MY16.5,"$87,789* ","95,028 km",Automatic,8cyl 4.4L Turbo Diesel
2019 Jeep Grand Cherokee Overland Auto 4x4 MY19,"$78,990* ","51,077 km",Automatic,6cyl 3.0L Turbo Diesel
2018 BMW X3 xDrive30d G01 Auto 4x4,"$69,800* ","64,316 km",Automatic,6cyl 3.0L Turbo Diesel
2018 Audi Q5 TDI sport Auto quattro ultra MY18,"$51,750* ","82,890 km",Automatic,4cyl 2.0L Turbo Diesel
2015 Jeep Grand Cherokee Limited Auto 4x4 MY15,"$42,888* ","69,648 km",Automatic,6cyl 3.0L Turbo Diesel
2018 Subaru XV 2.0i-L G5X Auto AWD MY18,"$34,990* ","46,645 km",Automatic,4cyl 2.0L Petrol
2016 Mitsubishi ASX LS XB Auto 2WD MY15.5,"$19,888* ","120,653 km",Automatic,4cyl 2.0L Petrol
2016 Holden Trax LTZ TJ Auto MY17,"$18,880* ","35,723 km",Automatic,4cyl 1.4L Turbo Petrol
2019 Audi SQ5 Auto quattro MY19,"$93,508 ","39,876 km",Automatic,6cyl 3.0L Turbo Petrol
2019 Lexus RX RX300 Luxury Auto,"$79,990 ","29,000 km",Automatic,4cyl 2.0L Turbo Petrol
2021 Audi Q2 35 TFSI Auto MY21,"$56,280 ","2,049 km",Automatic,4cyl 1.5L Turbo Petrol
2016 Land Rover Discovery TDV6 Graphite Auto 4x4 MY16.5,"$52,990* ","130,501 km",Automatic,6cyl 3.0L Turbo Diesel
2017 Audi Q3 TDI Auto quattro MY17,"$36,800* ","81,886 km",Automatic,4cyl 2.0L Turbo Diesel
2021 Mitsubishi Eclipse Cross LS YB Auto 2WD MY21,"$33,490 ","1,513 km",Automatic,4cyl 1.5L Turbo Petrol
2021 Volkswagen T-Cross 85TSI Life C1 Auto FWD MY22,"$30,990 ",10 km,Automatic,3cyl 1.0L Turbo Petrol
2015 Mazda CX-5 Maxx Sport KE Series 2 Auto,"$25,800* ","52,925 km",Automatic,4cyl 2.0L Petrol
2019 Mitsubishi ASX ES XC Auto 2WD MY19,"$23,990* ","57,351 km",Automatic,4cyl 2.0L Petrol
2018 Audi Q7 TDI Auto quattro MY18,"$73,800 ","73,108 km",Automatic,6cyl 3.0L Turbo Diesel
2018 Alfa Romeo Stelvio Ti Auto AWD,"$67,888* ","27,729 km",Automatic,4cyl 2.0L Turbo Petrol
2020 Mitsubishi Pajero GLS NX Auto 4x4 MY21,"$63,990* ","29,315 km",Automatic,4cyl 3.2L Turbo Diesel
2021 Mazda CX-5 GT SP KF Series Auto i-ACTIV AWD,"$55,158 ",,Automatic,4cyl 2.5L Turbo Petrol
2017 Volvo XC60 D4 Inscription Auto AWD MY18,"$52,666* ","102,345 km",Automatic,4cyl 2.0L Turbo Diesel
2021 MG HS Essence Auto FWD MY21,"$45,888 ",,Automatic,4cyl 1.5L Turbo Petrol
2016 Lexus NX NX300h F Sport Auto AWD,"$41,888* ","119,001 km",Automatic,2.5i/147kW Hybrid
2016 Subaru Forester 2.5i-S S4 Auto AWD MY16,"$34,990* ","54,878 km",Automatic,4cyl 2.5L Petrol
2016 Hyundai Tucson Active Auto 2WD,"$20,590* ","135,036 km",Automatic,4cyl 2.0L Petrol
2021 Audi Q5 45 TFSI Sport Auto quattro ultra MY21,"$96,800 ","2,125 km",Automatic,4cyl 2.0L Turbo Petrol
2016 Mercedes-Benz GLE-Class GLE350 d Auto 4MATIC,"$64,444* ","76,425 km",Automatic,6cyl 3.0L Turbo Diesel
2018 Audi Q5 TDI sport Auto quattro ultra MY18,"$57,800* ","63,343 km",Automatic,4cyl 2.0L Turbo Diesel
2017 Volkswagen Tiguan 162TSI Highline 5N Auto 4MOTION MY18,"$41,990* ","86,651 km",Automatic,4cyl 2.0L Turbo Petrol
2021 Mitsubishi Outlander ES ZL Auto AWD MY21,"$38,730 ",10 km,Automatic,4cyl 2.4L Petrol
2020 Honda HR-V VTi-LX Auto MY20,"$35,777* ","17,006 km",Automatic,4cyl 1.8L Petrol
2015 Toyota Kluger GX Auto 2WD,"$26,998* ","167,000 km",Automatic,6cyl 3.5L Petrol
2015 Nissan X-TRAIL ST T32 Auto 4WD,"$19,888* ","100,060 km",Automatic,4cyl 2.5L Petrol
2012 Subaru XV 2.0i G4X Manual AWD MY12,"$19,888* ","48,167 km",Manual,4cyl 2.0L Petrol
2021 Audi Q7 45 TDI Auto quattro MY22,"$129,800 ","2,120 km",Automatic,6cyl 3.0L Turbo Diesel
2020 Mercedes-Benz GLC-Class GLC300 Auto 4MATIC,"$99,850 ","26,316 km",Automatic,4cyl 2.0L Turbo Petrol
2020 Volvo XC60 D4 Inscription Auto AWD MY20,"$70,888* ","6,588 km",Automatic,4cyl 2.0L Turbo Diesel
2018 Lexus NX NX300 F Sport Auto 2WD,"$51,789* ","67,354 km",Automatic,4cyl 2.0L Turbo Petrol
2021 Volkswagen T-Cross 85TSI Style C1 Auto FWD MY21,"$35,090 ","3,169 km",Automatic,3cyl 1.0L Turbo Petrol
2018 Nissan Pathfinder ST R52 Series II Auto 2WD MY17,"$32,980* ","72,891 km",Automatic,6cyl 3.5L Petrol
2021 Volkswagen T-Cross 85TSI CityLife C1 Auto FWD MY21,"$32,878 ",15 km,Automatic,3cyl 1.0L Turbo Petrol
2017 Subaru Outback 2.5i Premium 5GEN Auto AWD MY17,"$32,790* ","62,492 km",Automatic,4cyl 2.5L Petrol
2006 Land Rover Range Rover Sport Super Charged Auto 4x4 MY06,"$24,990 ","218,566 km",Automatic,8cyl 4.2L S Petrol
2021 Audi Q7 55 TFSI S line Auto quattro MY21,"$148,888 ","4,568 km",Automatic,6cyl 3.0L Turbo Petrol
2021 BMW X4 xDrive20i M Sport G02 Auto 4x4,"$98,990 ","1,564 km",Automatic,4cyl 2.0L Turbo Petrol
2014 Jeep Grand Cherokee SRT Auto 4x4 MY14,"$65,990* ","59,746 km",Automatic,8cyl 6.4L Petrol
2020 Mazda CX-5 GT KF Series Auto i-ACTIV AWD,"$45,999* ","14,371 km",Automatic,4cyl 2.5L Petrol
2021 Hyundai Kona Highlander Auto 2WD MY21,"$42,120 ",,Automatic,4cyl 2.0L Petrol
2020 LDV D90 Executive Auto,"$34,999* ","17,367 km",Automatic,4cyl 2.0L Turbo Petrol
2016 Subaru Forester XT Premium S4 Auto AWD MY16,"$34,990* ","79,239 km",Automatic,4cyl 2.0L Turbo Petrol
2021 Nissan JUKE ST-L F16 Auto 2WD,"$33,490 ",10 km,Automatic,3cyl 1.0L Turbo Petrol
2019 Mazda CX-3 sTouring DK Auto FWD,"$30,888* ","24,597 km",Automatic,4cyl 2.0L Petrol
2016 Mitsubishi Outlander LS ZK Auto 2WD MY17,"$29,990* ","135,117 km",Automatic,4cyl 2.0L Petrol
2017 Nissan QASHQAI Ti J11 Auto,"$27,490* ","61,573 km",Automatic,4cyl 2.0L Petrol
2013 Subaru Forester XT S4 Auto AWD MY13,"$23,990* ","111,219 km",Automatic,4cyl 2.0L Turbo Petrol
2012 Nissan X-TRAIL Ti T31 Auto 4x4 Series IV,"$16,984* ","142,964 km",Automatic,4cyl 2.5L Petrol
2019 Mercedes-Benz GLE-Class GLE300 d Auto 4MATIC,"$129,850 ","32,613 km",Automatic,4cyl 2.0L Turbo Diesel
2016 Porsche Macan GTS 95B Auto AWD MY17,"$99,900* ","78,119 km",Automatic,6cyl 3.0L Turbo Petrol
2021 Audi Q5 40 TDI Sport Auto quattro ultra MY21,"$92,995 ","2,771 km",Automatic,4cyl 2.0L Turbo Diesel
2021 Jaguar E-PACE P250 R-Dynamic S Auto AWD MY21,"$86,990 ",,Automatic,4cyl 2.0L Turbo Petrol
2020 Toyota RAV4 Cruiser Auto eFour,"$62,990* ","5,491 km",Automatic,2.5i/163kW Hybrid
2021 Renault Koleos Intens Auto 4WD MY21,"$50,159 ",,Automatic,4cyl 2.5L Petrol
2020 Subaru Forester 2.5i-S S5 Auto AWD MY21,"$47,888* ","6,906 km",Automatic,4cyl 2.5L Petrol
2021 Renault Koleos Intens Auto MY21,"$47,534 ",,Automatic,4cyl 2.5L Petrol
2020 Ford Puma JK Auto MY21.25,"$30,990 ","9,300 km",Automatic,3cyl 1.0L Turbo Petrol
2012 Audi Q7 TDI Auto quattro MY13,"$28,875* ","171,000 km",Automatic,6cyl 3.0L Turbo Diesel
2016 Mazda CX-3 sTouring DK Auto,"$26,880* ","65,325 km",Automatic,4cyl 2.0L Petrol
2020 Haval H2 LUX Auto 2WD,"$24,999* ","5,374 km",Automatic,4cyl 1.5L Turbo Petrol
2009 Volkswagen Tiguan 125TSI 5N Auto 4MOTION MY09,"$9,999* ","182,304 km",Automatic,4cyl 2.0L Turbo Petrol
2021 Jaguar I-PACE EV400 HSE Auto AWD MY21,"$169,888 ",10 km,294kW,Electric (range: 446 km)
2018 Ford Everest Trend UA II Auto 4WD MY19,"$59,990* ","54,724 km",Automatic,4cyl 2.0L Turbo Diesel
2015 Jeep Grand Cherokee SRT Auto 4x4 MY15,"$59,888* ","136,452 km",Automatic,8cyl 6.4L Petrol
2019 BMW X1 sDrive20i F48 LCI Auto,"$52,888* ","15,790 km",Automatic,4cyl 2.0L Turbo Petrol
2015 Nissan Patrol ST Y61 Manual 4x4,"$47,990* ","91,364 km",Manual,4cyl 3.0L Turbo Diesel
2019 Subaru Outback 2.5i 5GEN Auto AWD MY20,"$36,888* ","39,894 km",Automatic,4cyl 2.5L Petrol
2015 Hyundai Santa Fe Highlander Auto 4x4 MY16,"$31,888* ","100,502 km",Automatic,4cyl 2.2L Turbo Diesel
2018 Mitsubishi ASX Black Edition XC Auto 2WD MY19,"$29,990* ","36,611 km",Automatic,4cyl 2.0L Petrol
2021 Haval Jolion Premium Auto,"$26,985 ",,Automatic,4cyl 1.5L Turbo Petrol
2017 Mitsubishi ASX LS XC Manual 2WD MY17,"$21,750* ","68,632 km",Manual,4cyl 2.0L Petrol
2021 BMW X5 xDrive30d M Sport G05 Auto 4x4,"$149,990 ","1,000 km",Automatic,6cyl 3.0L Turbo Diesel
2021 Volkswagen Touareg 170TDI CR Auto 4MOTION MY21,"$116,878 ","1,530 km",Automatic,6cyl 3.0L Turbo Diesel
2021 BMW X3 xDrive30i M Sport G01 Auto 4x4,"$102,750 ",10 km,Automatic,4cyl 2.0L Turbo Petrol
2021 Toyota Landcruiser Prado GXL Auto 4x4,"$84,990* ",140 km,Automatic,4cyl 2.8L Turbo Diesel
2018 Toyota Fortuner Crusade Auto 4x4,"$59,888* ","25,452 km",Automatic,4cyl 2.8L Turbo Diesel
2015 Lexus RX RX350 Luxury Auto 4x4,"$58,500* ","56,321 km",Automatic,6cyl 3.5L Petrol
2021 Toyota RAV4 Cruiser Auto 2WD,"$53,990* ","5,170 km",Automatic,4cyl 2.0L Petrol
2019 Toyota Kluger GX Auto 2WD,"$42,991* ","51,373 km",Automatic,6cyl 3.5L Petrol
2021 Haval H6 Premium Auto,"$32,490 ",,Automatic,4cyl 2.0L Turbo Petrol
2019 Mitsubishi Outlander ES ZL Auto 2WD MY20,"$29,990* ","48,441 km",Automatic,4cyl 2.4L Petrol
2014 Hyundai Santa Fe Highlander Auto 4x4 MY14,"$28,880* ","100,000 km",Automatic,4cyl 2.2L Turbo Diesel
2018 Mitsubishi ASX LS XC Auto 2WD MY18,"$23,490* ","53,680 km",Automatic,4cyl 2.0L Petrol
2021 Land Rover Range Rover Sport P575 SVR Auto 4x4 MY22,"$309,990 ",,Automatic,8cyl 5.0L S Petrol
2018 Land Rover Range Rover Sport SDV6 SE Auto 4x4 MY18,"$128,888* ","29,150 km",Automatic,6cyl 3.0L Turbo Diesel
2019 Lexus RX RX350 F Sport Auto 4x4,"$97,880* ","18,900 km",Automatic,6cyl 3.5L Petrol
2019 Land Rover Discovery Sport P250 R-Dynamic SE Auto 4x4 MY20,"$96,990* ","16,413 km",Automatic,4cyl 2.0L Turbo Petrol
2020 Mitsubishi Outlander PHEV GSR ZL Auto AWD MY21,"$54,490 ","2,335 km",Automatic,2.4i/157kW Hybrid
2019 Mitsubishi Outlander PHEV Exceed ZL Auto AWD MY19,"$47,888* ","24,381 km",Automatic,2.0i/120kW Hybrid
2019 Toyota Kluger GX Auto 2WD,"$46,888* ","13,170 km",Automatic,6cyl 3.5L Petrol
2021 Mazda CX-30 G25 Astina DM Series Auto,"$46,475 ",15 km,Automatic,4cyl 2.5L Petrol
2016 Mazda CX-3 sTouring DK Auto i-ACTIV AWD,"$26,995* ","65,124 km",Automatic,4cyl 2.0L Petrol
2017 Subaru Outback 2.5i 5GEN Auto AWD MY17,"$26,980* ","98,783 km",Automatic,4cyl 2.5L Petrol
2021 BMW X3 xDrive30i M Sport G01 Auto 4x4,"$89,990 ","8,000 km",Automatic,4cyl 2.0L Turbo Petrol
2020 Lexus NX NX300 F Sport Auto AWD,"$78,880* ","13,075 km",Automatic,4cyl 2.0L Turbo Petrol
2010 Toyota Landcruiser Sahara Auto 4x4 MY10,"$55,999* ","226,549 km",Automatic,8cyl 4.7L Petrol
2021 Kia Niro Hybrid Sport Auto 2WD MY21,"$43,500 ",,Automatic,1.6i/104kW Hybrid
2016 Mazda CX-9 GT TC Auto i-ACTIV AWD,"$42,875* ","71,200 km",Automatic,4cyl 2.5L Turbo Petrol
2021 Renault Captur Intens Auto,"$38,805 ",10 km,Automatic,4cyl 1.3L Turbo Petrol
2017 Suzuki S-Cross Turbo Auto,"$22,987* ","77,422 km",Automatic,4cyl 1.4L Turbo Petrol
2013 Ford EcoSport Titanium BK Auto,"$13,990 ","62,569 km",Automatic,4cyl 1.5L Petrol
2021 Volvo XC60 T6 R-Design Auto AWD MY21,"$83,888* ","2,209 km",Automatic,4cyl 2.0L TSPetrol
2015 Porsche Macan Turbo 95B Auto AWD MY15,"$71,990* ","106,178 km",Automatic,6cyl 3.6L Turbo Petrol
2019 MINI Countryman John Cooper Works Auto ALL4,"$59,800* ","30,245 km",Automatic,4cyl 2.0L Turbo Petrol
2017 Audi Q5 TFSI sport Auto quattro ultra MY17,"$57,880* ","35,416 km",Automatic,4cyl 2.0L Turbo Petrol
2021 Hyundai Tucson N Line Auto 2WD MY22,"$42,120 ",,Automatic,4cyl 2.0L Petrol
2021 Mazda CX-30 G20 Touring DM Series Auto,"$37,990 ",146 km,Automatic,4cyl 2.0L Petrol
2016 Toyota RAV4 GXL Auto AWD,"$32,995* ","92,364 km",Automatic,4cyl 2.2L Turbo Diesel
2018 Jeep Compass Sport Auto FWD MY18,"$31,888* ","41,124 km",Automatic,4cyl 2.4L Petrol
2021 Haval Jolion Premium Auto,"$26,990 ",,Automatic,4cyl 1.5L Turbo Petrol
2018 Suzuki Vitara RT-S Auto 2WD,"$23,888* ","41,268 km",Automatic,4cyl 1.6L Petrol
2013 Audi Q3 TFSI Auto quattro MY13,"$22,800* ","87,915 km",Automatic,4cyl 2.0L Turbo Petrol
2020 Land Rover Defender 110 P400 S Auto AWD MY20,"$174,990* ","7,688 km",Automatic,6cyl 3.0L Turbo Petrol
2021 BMW X3 xDrive30i M Sport G01 Auto 4x4,"$97,257 ","2,110 km",Automatic,4cyl 2.0L Turbo Petrol
2020 Jeep Grand Cherokee Overland Auto 4x4 MY20,"$81,990* ","8,764 km",Automatic,6cyl 3.0L Turbo Diesel
2017 Volvo XC90 D5 Inscription Auto AWD MY17,"$59,888* ","78,174 km",Automatic,4cyl 2.0L Turbo Diesel
2021 Renault Koleos Intens Auto 4WD MY21,"$50,445 ",20 km,Automatic,4cyl 2.5L Petrol
2021 Mazda MX-30 G20e Evolve DR Series Auto,"$38,414 ",,Automatic,4cyl 2.0L Petrol
2021 Suzuki Vitara Turbo Auto 2WD,"$34,490 ",,Automatic,4cyl 1.4L Turbo Petrol
2021 Nissan JUKE ST-L F16 Auto 2WD,"$33,490 ",10 km,Automatic,3cyl 1.0L Turbo Petrol
2015 Mazda CX-5 Maxx Sport KE Series 2 Auto AWD,"$31,990* ","48,294 km",Automatic,4cyl 2.5L Petrol
2016 Nissan QASHQAI ST J11 Manual,"$18,990* ","86,270 km",Manual,4cyl 2.0L Petrol
2016 Toyota Landcruiser Prado VX Auto 4x4,"$66,995* ","64,588 km",Automatic,4cyl 2.8L Turbo Diesel
2019 Toyota Kluger Black Edition Auto AWD,"$62,997* ","5,931 km",Automatic,6cyl 3.5L Petrol
2020 Subaru XV 2.0i-S G5X Auto AWD MY20,"$41,888* ","8,944 km",Automatic,4cyl 2.0L Petrol
2019 Honda CR-V VTi-L Auto FWD MY19,"$38,990* ","38,787 km",Automatic,4cyl 1.5L Turbo Petrol
2020 MG HS Excite Auto FWD MY20,"$34,990 ",,Automatic,4cyl 1.5L Turbo Petrol
2018 Toyota C-HR Koba Auto 2WD,"$34,490* ","34,940 km",Automatic,4cyl 1.2L Turbo Petrol
2015 Toyota Kluger GX Auto 2WD,"$32,880* ","76,916 km",Automatic,6cyl 3.5L Petrol
2017 Mazda CX-3 Maxx DK Auto,"$27,888* ","30,079 km",Automatic,4cyl 2.0L Petrol
2016 Mitsubishi ASX LS XB Auto 2WD MY15.5,"$19,990* ","70,512 km",Automatic,4cyl 2.0L Petrol
2006 Nissan Elgrand Rider E51 Auto,"$19,900* ","27,115 km",Automatic,6cyl 3.5L Petrol
2021 BMW X7 xDrive30d G07 Auto 4x4,"$166,990 ","2,500 km",Automatic,6cyl 3.0L Turbo Diesel
2021 Lexus NX NX300h F Sport Auto AWD,"$84,880* ","2,482 km",Automatic,2.5i/147kW Hybrid
2017 Lexus RX RX350 F Sport Auto 4x4,"$75,880* ","45,716 km",Automatic,6cyl 3.5L Petrol
2020 BMW X1 xDrive25i F48 LCI Auto AWD,"$69,990 ","7,000 km",Automatic,4cyl 2.0L Turbo Petrol
2020 Toyota RAV4 Cruiser Auto eFour,"$62,490* ","8,760 km",Automatic,2.5i/163kW Hybrid
2021 MG HS PHEV Essence Auto FWD MY21,"$48,690 ",,Automatic,1.5T/209kW Hybrid
2021 Jeep Compass Launch Edition Auto FWD MY21,"$45,124 ",,Automatic,4cyl 2.4L Petrol
2021 Subaru XV 2.0i-S G5X Auto AWD MY21,"$43,990* ","2,200 km",Automatic,4cyl 2.0L Petrol
2021 Mazda CX-30 G20 Astina DM Series Auto,"$39,990 ","2,965 km",Automatic,4cyl 2.0L Petrol
2016 Toyota RAV4 Cruiser Auto AWD,"$32,990* ","79,594 km",Automatic,4cyl 2.5L Petrol
2020 Mercedes-Benz GLE-Class GLE300 d Auto 4MATIC,"$129,850 ","16,598 km",Automatic,4cyl 2.0L Turbo Diesel
2019 Audi SQ5 Black Edition Auto quattro MY19,"$98,800* ","8,084 km",Automatic,6cyl 3.0L Turbo Petrol
2019 Lexus RX RX350 Sports Luxury Auto 4x4,"$92,900* ","14,268 km",Automatic,6cyl 3.5L Petrol
2020 Kia Sorento Sport+ Auto AWD MY21,"$66,990* ","18,662 km",Automatic,4cyl 2.2L Turbo Diesel
2019 Jaguar E-PACE D180 S Auto AWD MY20,"$64,990* ","14,000 km",Automatic,4cyl 2.0L Turbo Diesel
2016 Audi Q7 TDI Auto quattro MY16,"$49,888* ","134,126 km",Automatic,6cyl 3.0L Turbo Diesel
2021 Mazda MX-30 G20e Evolve DR Series Auto,"$37,475 ",49 km,Automatic,4cyl 2.0L Petrol
2014 Hyundai Santa Fe Highlander Auto 4x4 MY14,"$31,880* ","74,654 km",Automatic,4cyl 2.2L Turbo Diesel
2020 MG ZST Essence Auto MY21,"$31,555 ","5,920 km",Automatic,3cyl 1.3L Turbo Petrol
2020 SsangYong Korando EX Auto 2WD MY21,"$29,888 ",,Automatic,4cyl 1.5L Turbo Petrol
2016 Dodge Journey R/T Auto MY16,"$25,990* ","38,664 km",Automatic,6cyl 3.6L Petrol
2013 Audi Q5 TDI Auto quattro MY13,"$25,980* ","110,467 km",Automatic,4cyl 2.0L Turbo Diesel
2015 Nissan X-TRAIL ST T32 Manual 2WD,"$24,990* ","41,524 km",Manual,4cyl 2.0L Petrol
2016 Nissan X-TRAIL ST T32 Auto 2WD,"$23,888* ","53,532 km",Automatic,4cyl 2.5L Petrol
2015 Fiat 500X Lounge Auto AWD,"$22,888* ","53,622 km",Automatic,4cyl 1.4L Turbo Petrol
2016 Mitsubishi ASX LS XB Auto 2WD MY15.5,"$22,790* ","51,617 km",Automatic,4cyl 2.0L Petrol
2020 Lexus NX NX300 F Sport Auto 2WD,"$73,880* ","8,244 km",Automatic,4cyl 2.0L Turbo Petrol
2020 Volvo XC60 T5 Inscription Auto AWD MY20,"$71,990* ","3,265 km",Automatic,4cyl 2.0L Turbo Petrol
2016 Mercedes-Benz GLC-Class GLC250 Auto 4MATIC,"$67,850 ","34,569 km",Automatic,4cyl 2.0L Turbo Petrol
2021 LDV D90 Executive Auto 4x4,"$48,990 ",240 km,Automatic,4cyl 2.0L Turbo Diesel
2019 Toyota C-HR Koba Auto 2WD,"$34,888* ","66,967 km",Automatic,4cyl 1.2L Turbo Petrol
2017 Toyota C-HR Koba Auto 2WD,"$33,999* ","60,330 km",Automatic,4cyl 1.2L Turbo Petrol
2019 Mitsubishi ASX ES ADAS XD Auto 2WD MY20,"$26,990* ","61,703 km",Automatic,4cyl 2.0L Petrol
2013 Hyundai Santa Fe Active Auto 4x4 MY14,"$19,970* ","120,546 km",Automatic,4cyl 2.4L Petrol
2021 Volvo XC60 B5 Inscription Auto AWD MY22,"$87,777* ","1,021 km",Automatic,4cyl 2.0L Turbo Petrol
2015 Land Rover Discovery TDV6 Auto 4x4 MY16,"$69,990* ","53,312 km",Automatic,6cyl 3.0L Turbo Diesel
2019 Toyota RAV4 Edge Auto AWD,"$55,990* ","35,169 km",Automatic,4cyl 2.5L Petrol
2017 Land Rover Discovery Sport TD4 180 HSE Auto 4x4 MY17,"$49,990* ","56,123 km",Automatic,4cyl 2.0L Turbo Diesel
2017 Ford Everest Trend UA Auto RWD,"$49,950* ","62,145 km",Automatic,5cyl 3.2L Turbo Diesel
2013 Mercedes-Benz M-Class ML350 BlueTEC Auto 4x4,"$49,850 ","101,639 km",Automatic,6cyl 3.0L Turbo Diesel
2019 Kia Sorento Sport Auto AWD MY20,"$41,990* ","72,165 km",Automatic,4cyl 2.2L Turbo Diesel
2019 Nissan QASHQAI Ti J11 Series 3 Auto MY20,"$34,490* ","31,171 km",Automatic,4cyl 2.0L Petrol
2014 Nissan QASHQAI TL J11 Auto,"$20,888* ","110,665 km",Automatic,4cyl 1.6L Turbo Diesel
2018 Mercedes-Benz GLC-Class GLC350 d Auto 4MATIC,"$86,850 ","31,569 km",Automatic,6cyl 3.0L Turbo Diesel
2017 Mercedes-Benz GLC-Class GLC250 Auto 4MATIC,"$82,850 ","47,896 km",Automatic,4cyl 2.0L Turbo Petrol
2021 Isuzu MU-X LS-T Auto 4x2 MY21,"$64,900 ","3,821 km",Automatic,4cyl 3.0L Turbo Diesel
2016 Audi SQ5 TDI Auto quattro MY17,"$54,800* ","64,200 km",Automatic,6cyl 3.0L Turbo Diesel
2009 Toyota Landcruiser Prado ZR Auto 4x4,"$47,888* ","139,830 km",Automatic,4cyl 3.0L Turbo Diesel
2021 LDV D90 Auto,"$35,990 ","2,091 km",Automatic,4cyl 2.0L Turbo Petrol
2018 Nissan Pathfinder ST R52 Series II Auto 2WD MY17,"$35,987* ","73,802 km",Automatic,6cyl 3.5L Petrol
2016 Nissan Pathfinder ST R52 Auto 2WD MY15,"$29,990* ","61,379 km",Automatic,6cyl 3.5L Petrol
2020 MG HS Vibe Auto FWD MY20,"$28,990* ","4,934 km",Automatic,4cyl 1.5L Turbo Petrol
2019 Land Rover Discovery SD6 SE Auto 4x4 MY19,"$119,888* ","51,377 km",Automatic,6cyl 3.0L Turbo Diesel
2021 Land Rover Discovery Sport P200 R-Dynamic S Auto 4x4 MY21,"$93,990 ",650 km,Automatic,4cyl 2.0L Turbo Petrol
2021 Volvo XC60 T6 R-Design Auto AWD MY21,"$81,777* ","4,289 km",Automatic,4cyl 2.0L TSPetrol
2013 Land Rover Range Rover Sport SDV6 Autobiography Auto 4x4 MY13,"$79,990* ","79,902 km",Automatic,6cyl 3.0L Turbo Diesel
2019 BMW X1 xDrive25i F48 Auto AWD,"$57,888* ","20,000 km",Automatic,4cyl 2.0L Turbo Petrol
2020 Toyota RAV4 Cruiser Auto 2WD,"$54,990* ","33,022 km",Automatic,2.5i/160kW Hybrid
2014 Mercedes-Benz M-Class ML350 BlueTEC Auto 4x4 MY15,"$49,800* ","73,926 km",Automatic,6cyl 3.0L Turbo Diesel
2020 Peugeot 2008 GT Sport Auto MY21,"$48,990* ","2,245 km",Automatic,3cyl 1.2L Turbo Petrol
2021 Jeep Compass Launch Edition Auto FWD MY21,"$46,888 ",,Automatic,4cyl 2.4L Petrol
2021 Volkswagen T-Roc 110TSI Style A1 Auto MY22,"$46,880 ",,Automatic,4cyl 1.4L Turbo Petrol
2021 Peugeot 3008 Allure Auto MY21,"$46,500 ",,Automatic,4cyl 1.6L Turbo Petrol
2020 Subaru Forester 2.5i-S S5 Auto AWD MY21,"$46,490* ","14,811 km",Automatic,4cyl 2.5L Petrol
2015 Hyundai Santa Fe Highlander Auto 4x4 MY16,"$29,990* ","151,789 km",Automatic,4cyl 2.2L Turbo Diesel
2018 Kia Sportage Si Auto 2WD MY19,"$27,990* ","56,108 km",Automatic,4cyl 2.0L Petrol
2017 Toyota C-HR Auto 2WD,"$27,988 ","25,067 km",Automatic,4cyl 1.2L Turbo Petrol
2017 Land Rover Range Rover Sport TDV6 SE Auto 4x4 MY17,"$88,888* ","50,851 km",Automatic,6cyl 3.0L Turbo Diesel
2020 Hyundai Palisade Highlander Auto AWD MY21,"$72,990* ","12,111 km",Automatic,4cyl 2.2L Turbo Diesel
2021 Hyundai Kona Highlander Auto 2WD MY21,"$42,560 ",,Automatic,4cyl 2.0L Petrol
2021 Renault Arkana Zen Auto,"$37,951 ",,Automatic,4cyl 1.3L Turbo Petrol
2021 MG HS Essence X Auto AWD MY21,"$39,488 ","2,232 km",Automatic,4cyl 2.0L Turbo Petrol
2021 Mitsubishi Eclipse Cross XLS YB Auto 2WD MY21,"$37,080 ","1,721 km",Automatic,4cyl 1.5L Turbo Petrol
2016 Audi Q3 TFSI Auto MY16,"$28,500* ","86,050 km",Automatic,4cyl 1.4L Turbo Petrol
2021 Audi Q8 55 TFSI Auto quattro MY21,"$168,880 ",,Automatic,6cyl 3.0L Turbo Petrol
2021 Volvo XC90 B5 Momentum Auto AWD MY22,"$98,199* ","1,756 km",Automatic,4cyl 2.0L TSPetrol
2021 Alfa Romeo Stelvio Sport Auto AWD MY21,"$72,816 ",,Automatic,4cyl 2.0L Turbo Petrol
2020 Lexus NX NX300 F Sport Auto 2WD,"$63,880* ","17,274 km",Automatic,4cyl 2.0L Turbo Petrol
2015 Toyota FJ Cruiser Auto 4x4 MY14,"$57,888* ","42,248 km",Automatic,6cyl 4.0L Petrol
2020 Ford Escape ST-Line ZH Auto MY21.25,"$43,850* ","8,294 km",Automatic,4cyl 2.0L Turbo Petrol
2019 Hyundai Tucson Active X Auto AWD MY20,"$40,888* ","18,437 km",Automatic,4cyl 2.0L Turbo Diesel
2016 Hyundai Santa Fe Elite Auto 4x4 MY17,"$36,990* ","33,252 km",Automatic,4cyl 2.2L Turbo Diesel
2014 Mercedes-Benz GLA-Class GLA250 Auto 4MATIC,"$36,800* ","68,254 km",Automatic,4cyl 2.0L Turbo Petrol
2016 Audi Q3 TFSI Auto MY17,"$33,990* ","41,027 km",Automatic,4cyl 1.4L Turbo Petrol
2016 Volkswagen Tiguan 110TSI Comfortline 5N Auto 2WD MY17,"$30,995* ","42,781 km",Automatic,4cyl 1.4L Turbo Petrol
2015 Audi Q3 TDI Auto quattro MY14,"$30,990* ","68,796 km",Automatic,4cyl 2.0L Turbo Diesel
2018 Mitsubishi Outlander ES ADAS ZL Auto AWD MY19,"$28,990* ","81,227 km",Automatic,4cyl 2.4L Petrol
2017 Toyota C-HR Koba Auto 2WD,"$28,888* ","57,480 km",Automatic,4cyl 1.2L Turbo Petrol
2014 Volkswagen Tiguan 132TSI Pacific 5N Auto 4MOTION MY14,"$23,700* ","44,700 km",Automatic,4cyl 2.0L Turbo Petrol
2021 Land Rover Discovery Sport P200 R-Dynamic S Auto 4x4 MY21,"$89,990 ","4,932 km",Automatic,4cyl 2.0L Turbo Petrol
2019 Volvo XC60 D4 Inscription Auto AWD MY20,"$70,666* ","4,898 km",Automatic,4cyl 2.0L Turbo Diesel
2016 Toyota Landcruiser Prado Kakadu Auto 4x4,"$69,990* ","126,077 km",Automatic,4cyl 2.8L Turbo Diesel
2018 Toyota Kluger GXL Auto AWD,"$49,990* ","49,885 km",Automatic,6cyl 3.5L Petrol
2018 Hyundai Santa Fe Highlander Auto 4x4 MY18,"$49,888* ","90,316 km",Automatic,4cyl 2.2L Turbo Diesel
2021 Nissan QASHQAI Ti J11 Series 3 Auto MY20,"$41,870 ",3 km,Automatic,4cyl 2.0L Petrol
2021 Mazda CX-5 Maxx Sport KF Series Auto FWD,"$38,990* ","5,000 km",Automatic,4cyl 2.0L Petrol
2020 Nissan QASHQAI ST-L J11 Series 3 Auto MY20,"$37,455 ",3 km,Automatic,4cyl 2.0L Petrol
2016 Kia Sportage GT-Line Auto AWD MY17,"$32,999* ","33,671 km",Automatic,4cyl 2.4L Petrol
2021 Nissan JUKE ST-L F16 Auto 2WD,"$32,990 ","6,405 km",Automatic,3cyl 1.0L Turbo Petrol
2014 BMW X1 xDrive20d E84 LCI Auto AWD MY14,"$29,880* ","48,170 km",Automatic,4cyl 2.0L Turbo Diesel
2020 Land Rover Defender 110 P400 S Auto AWD MY20,"$172,990* ","12,271 km",Automatic,6cyl 3.0L Turbo Petrol
2021 Audi Q7 45 TDI Auto quattro MY22,"$125,000 ","2,222 km",Automatic,6cyl 3.0L Turbo Diesel
2021 Volvo XC90 D5 Momentum Auto AWD MY21,"$95,666* ","2,555 km",Automatic,4cyl 2.0L Turbo Diesel
2021 Toyota Landcruiser GXL Manual 4x4,"$89,789* ","21,081 km",Manual,8cyl 4.5L Turbo Diesel
2020 Volvo XC60 D5 R-Design Auto AWD MY20,"$83,777* ","1,987 km",Automatic,4cyl 2.0L Turbo Diesel
2018 Volvo XC60 T6 R-Design Auto AWD MY18,"$65,880* ","57,962 km",Automatic,4cyl 2.0L TSPetrol
2020 Jeep Compass Limited Auto 4x4 MY20,"$44,888 ",516 km,Automatic,4cyl 2.4L Petrol
2021 MG ZS EV Essence Auto MY21,"$44,990 ",12 km,AC105kW,Electric (range: 263 km)
2020 Hyundai Tucson Elite Auto AWD MY20,"$40,990* ","17,252 km",Automatic,4cyl 2.0L Turbo Diesel
2019 Holden Acadia LT AC Auto AWD MY19,"$38,990* ","52,417 km",Automatic,6cyl 3.6L Petrol
2021 LDV D90 Executive Auto,"$38,870 ",,Automatic,4cyl 2.0L Turbo Petrol
2021 Mitsubishi Outlander ES ZL Auto AWD MY21,"$38,730 ",10 km,Automatic,4cyl 2.4L Petrol
2020 MG HS Vibe Auto FWD MY20,"$31,220 ",,Automatic,4cyl 1.5L Turbo Petrol
2017 Honda CR-V VTi-S Auto 4WD MY18,"$27,990* ","106,319 km",Automatic,4cyl 1.5L Turbo Petrol
2019 Nissan QASHQAI ST J11 Series 3 Auto MY20,"$27,990* ","38,169 km",Automatic,4cyl 2.0L Petrol
2021 Mitsubishi ASX ES XD Auto 2WD MY21,"$28,180 ","1,123 km",Automatic,4cyl 2.0L Petrol
2018 Nissan X-TRAIL ST T32 Series II Auto 2WD,"$24,980* ","65,390 km",Automatic,4cyl 2.5L Petrol
2017 Hyundai Tucson Active X Auto 2WD MY17,"$17,988* ","202,005 km",Automatic,4cyl 2.0L Petrol
2021 Volvo XC60 B5 Inscription Auto AWD MY22,"$88,666* ","2,856 km",Automatic,4cyl 2.0L Turbo Petrol
2021 Hyundai Palisade Highlander Auto AWD MY21,"$87,490 ",10 km,Automatic,4cyl 2.2L Turbo Diesel
2021 Jeep Cherokee S-Limited Auto 4x4 MY21,"$58,733 ",542 km,Automatic,6cyl 3.2L Petrol
2018 Toyota Kluger Grande Auto AWD,"$52,880* ","58,146 km",Automatic,6cyl 3.5L Petrol
2018 Mazda CX-5 GT KF Series Auto i-ACTIV AWD,"$41,990* ","58,469 km",Automatic,4cyl 2.5L Petrol
2016 Toyota RAV4 GXL Auto 2WD,"$28,444* ","74,926 km",Automatic,4cyl 2.0L Petrol
2019 Mitsubishi ASX ES XD Auto 2WD MY20,"$27,997* ","39,501 km",Automatic,4cyl 2.0L Petrol
2021 Aston Martin DBX Auto AWD MY21,"$399,990* ",960 km,Automatic,8cyl 4.0L Turbo Petrol
2018 Porsche Cayenne S 9YA Auto 4x4 MY19,"$149,000* ","39,671 km",Automatic,6cyl 2.9L Turbo Petrol
2021 Audi Q5 45 TFSI Sport Auto quattro ultra MY21,"$97,800 ","2,028 km",Automatic,4cyl 2.0L Turbo Petrol
2021 Lexus RX RX300 Luxury Auto,"$88,900* ","9,847 km",Automatic,4cyl 2.0L Turbo Petrol
2021 Mazda CX-5 Akera KF Series Auto i-ACTIV AWD,"$57,457 ","1,300 km",Automatic,4cyl 2.5L Turbo Petrol
2019 Toyota RAV4 Cruiser Auto 2WD,"$49,888* ","34,424 km",Automatic,4cyl 2.0L Petrol
2021 Volkswagen T-Cross 85TSI Style C1 Auto FWD MY22,"$41,990 ",,Automatic,3cyl 1.0L Turbo Petrol
2018 Audi Q2 35 TFSI design Auto MY19,"$38,800* ","40,284 km",Automatic,4cyl 1.4L Turbo Petrol
2016 Hyundai Tucson Highlander Auto AWD,"$37,580* ","71,372 km",Automatic,4cyl 2.0L Turbo Diesel
2016 Subaru XV 2.0i-S G4X Auto AWD MY16,"$29,990* ","40,469 km",Automatic,4cyl 2.0L Petrol
2020 Mitsubishi Eclipse Cross ES YA Auto 2WD MY20,"$28,990* ","17,653 km",Automatic,4cyl 1.5L Turbo Petrol
2014 Audi Q5 TFSI Auto quattro MY14,"$27,800* ","93,084 km",Automatic,4cyl 2.0L Turbo Petrol
2019 Nissan QASHQAI ST J11 Series 3 Auto MY20,"$25,990* ","24,027 km",Automatic,4cyl 2.0L Petrol
2017 Suzuki Vitara S Turbo Auto 2WD,"$22,888* ","77,699 km",Automatic,4cyl 1.4L Turbo Petrol
2015 Holden Captiva 7 LTZ CG Auto AWD MY15,"$17,790* ","122,913 km",Automatic,4cyl 2.2L Turbo Diesel
2017 Mercedes-Benz GLC-Class GLC250 d Auto 4MATIC,"$84,850 ","61,369 km",Automatic,4cyl 2.1L Turbo Diesel
2020 Hyundai Palisade Auto AWD MY21,"$79,990 ","4,850 km",Automatic,4cyl 2.2L Turbo Diesel
2020 Volvo XC60 D4 Inscription Auto AWD MY20,"$72,777* ","1,005 km",Automatic,4cyl 2.0L Turbo Diesel
2021 Volkswagen T-Roc 140TSI Sport A1 Auto 4MOTION MY21,"$51,990 ",10 km,Automatic,4cyl 2.0L Turbo Petrol
2018 Nissan Pathfinder Ti R52 Series II Auto 4WD MY17,"$46,888* ","29,335 km",Automatic,2.5SC/188kW Hybrid
2020 Haval H9 Ultra Auto 4WD MY19,"$45,990 ",150 km,Automatic,4cyl 2.0L Turbo Petrol
2016 Mazda CX-9 Azami TC Auto i-ACTIV AWD,"$41,777* ","81,500 km",Automatic,4cyl 2.5L Turbo Petrol
2017 Volkswagen Tiguan 162TSI Highline 5N Auto 4MOTION MY17,"$39,990* ","52,890 km",Automatic,4cyl 2.0L Turbo Petrol
2021 Renault Captur Zen Auto,"$34,655 ",,Automatic,4cyl 1.3L Turbo Petrol
2018 Honda CR-V VTi-S Auto FWD MY18,"$32,880* ","28,850 km",Automatic,4cyl 1.5L Turbo Petrol
2013 Hyundai Santa Fe Elite Auto 4x4 MY13,"$19,990* ","207,100 km",Automatic,4cyl 2.2L Turbo Diesel
2014 Toyota RAV4 GX Manual 2WD MY14,"$11,990* ","198,648 km",Manual,4cyl 2.0L Petrol
2018 Lexus LX LX570 Auto 4x4,"$139,900* ","39,550 km",Automatic,8cyl 5.7L Petrol
2021 Mazda CX-9 Azami TC Auto i-ACTIV AWD,"$76,475 ",2 km,Automatic,4cyl 2.5L Turbo Petrol
2019 Jeep Wrangler Unlimited Rubicon Auto 4x4 MY19,"$75,990* ","34,681 km",Automatic,6cyl 3.6L Petrol
2016 Mercedes-Benz GLE-Class GLE350 d Auto 4MATIC,"$74,990 ","108,505 km",Automatic,6cyl 3.0L Turbo Diesel
2014 Land Rover Range Rover Sport TDV6 SE Auto 4x4 MY14.5,"$72,789* ","119,992 km",Automatic,6cyl 3.0L Turbo Diesel
2021 Volvo XC40 T5 R-Design Auto AWD MY21,"$69,990* ","1,258 km",Automatic,4cyl 2.0L Turbo Petrol
2017 BMW X3 xDrive30i G01 Auto 4x4,"$55,309 ","83,300 km",Automatic,4cyl 2.0L Turbo Petrol
2017 Land Rover Discovery Sport TD4 150 SE Auto 4x4 MY17,"$51,990* ","56,956 km",Automatic,4cyl 2.0L Turbo Diesel
2016 Audi Q5 TFSI Sport Edition Auto quattro MY17,"$39,800* ","77,534 km",Automatic,4cyl 2.0L Turbo Petrol
2018 Toyota RAV4 GX Auto 2WD,"$35,990* ","54,130 km",Automatic,4cyl 2.0L Petrol
2018 Mazda CX-5 Touring KF Series Auto i-ACTIV AWD,"$33,888* ","97,929 km",Automatic,4cyl 2.5L Petrol
2020 Nissan JUKE ST-L F16 Auto 2WD,"$31,990* ","9,680 km",Automatic,3cyl 1.0L Turbo Petrol
2019 Nissan X-TRAIL ST T32 Series II Auto 2WD,"$27,450* ","52,617 km",Automatic,4cyl 2.5L Petrol
2013 Hyundai ix35 SE Auto,"$19,888* ","91,711 km",Automatic,4cyl 2.0L Petrol
2019 Audi SQ5 Auto quattro MY19,"$94,880* ","17,530 km",Automatic,6cyl 3.0L Turbo Petrol
2021 Alfa Romeo Stelvio Sport Auto AWD MY21,"$75,372 ",,Automatic,4cyl 2.0L Turbo Petrol
2016 BMW X5 sDrive25d F15 Auto,"$53,800* ","94,719 km",Automatic,4cyl 2.0L Turbo Diesel
2018 Jeep Grand Cherokee Limited Auto 4x4 MY18,"$51,888* ","84,552 km",Automatic,6cyl 3.6L Petrol
2015 Land Rover Range Rover Evoque TD4 180 SE Auto 4x4 MY16,"$43,990* ","97,959 km",Automatic,4cyl 2.0L Turbo Diesel
2021 Peugeot 2008 Allure Auto MY21,"$38,990 ",,Automatic,3cyl 1.2L Turbo Petrol
2021 Nissan JUKE ST-L F16 Auto 2WD,"$36,870 ",,Automatic,3cyl 1.0L Turbo Petrol
2021 Haval H6 Lux Auto,"$35,485 ",,Automatic,4cyl 2.0L Turbo Petrol
2014 Mazda CX-5 Akera KE Series Auto AWD MY14,"$27,490* ","70,525 km",Automatic,4cyl 2.2L Turbo Diesel
2016 Nissan QASHQAI TL J11 Auto,"$25,990* ","92,695 km",Automatic,4cyl 1.6L Turbo Diesel
2016 Nissan X-TRAIL ST-L T32 Auto 4WD,"$24,490* ","61,370 km",Automatic,4cyl 2.5L Petrol
2015 Mitsubishi Outlander LS ZJ Auto 2WD MY14.5,"$23,990* ","73,666 km",Automatic,4cyl 2.0L Petrol
2012 Nissan Dualis Ti-L J10 Series 3 Auto 2WD MY12,"$19,990* ","70,156 km",Automatic,4cyl 2.0L Petrol
2021 Volkswagen Touareg 170TDI CR Auto 4MOTION MY22,"$110,378 ",,Automatic,6cyl 3.0L Turbo Diesel
2021 Volvo XC60 T5 Inscription Auto AWD MY21,"$72,666* ","10,019 km",Automatic,4cyl 2.0L Turbo Petrol
2021 Audi Q2 35 TFSI Auto MY22,"$67,800 ","2,144 km",Automatic,4cyl 1.5L Turbo Petrol
2021 Subaru Outback AWD Sport 6GEN Auto AWD MY21,"$47,961 ","8,449 km",Automatic,4cyl 2.5L Petrol
2017 Mercedes-Benz GLA-Class GLA220 d Auto,"$43,666* ","47,478 km",Automatic,4cyl 2.1L Turbo Diesel
2014 Hyundai Santa Fe Highlander Auto 4x4 MY14,"$29,990* ","82,144 km",Automatic,4cyl 2.2L Turbo Diesel
2014 Hyundai Santa Fe Highlander Auto 4x4 MY14,"$27,980* ","138,377 km",Automatic,4cyl 2.2L Turbo Diesel
2018 Nissan X-TRAIL ST T32 Series II Auto 4WD,"$24,990* ","120,869 km",Automatic,4cyl 2.5L Petrol
2016 Holden Trax LS TJ Auto MY16,"$17,880* ","24,993 km",Automatic,4cyl 1.8L Petrol
2011 Mitsubishi ASX XA Auto 2WD MY11,"$14,850* ","111,436 km",Automatic,4cyl 2.0L Petrol
2021 Land Rover Defender 90 P300 Auto AWD MY21,"$119,789* ",33 km,Automatic,4cyl 2.0L Turbo Petrol
2019 Audi SQ5 Auto quattro MY20,"$99,888* ","31,383 km",Automatic,6cyl 3.0L Turbo Petrol
2017 Mercedes-Benz GLA-Class GLA45 AMG Auto 4MATIC,"$69,850 ","51,569 km",Automatic,4cyl 2.0L Turbo Petrol
2017 BMW X5 xDrive30d F15 Auto 4x4,"$58,880* ","101,355 km",Automatic,6cyl 3.0L Turbo Diesel
2021 Honda CR-V VTi L AWD Auto 4WD MY21,"$44,990* ","8,139 km",Automatic,4cyl 1.5L Turbo Petrol
2021 Mazda MX-30 G20e Evolve DR Series Auto,"$39,449 ","2,977 km",Automatic,4cyl 2.0L Petrol
2020 Volkswagen T-Cross 85TSI Style C1 Auto FWD MY21,"$35,880 ","6,309 km",Automatic,3cyl 1.0L Turbo Petrol
2016 Mitsubishi ASX LS XB Auto 2WD MY15.5,"$19,999* ","89,955 km",Automatic,4cyl 2.0L Petrol
2006 Nissan Murano TI Z50 Auto 4x4,"$5,999* ","343,648 km",Automatic,6cyl 3.5L Petrol
2019 Land Rover Range Rover Evoque D180 SE Auto 4x4 MY20,"$85,777* ","15,876 km",Automatic,4cyl 2.0L Turbo Diesel
2017 Jeep Wrangler Overland Auto 4x4 MY18,"$54,990* ","44,961 km",Automatic,6cyl 3.6L Petrol
2018 Toyota Kluger GXL Auto AWD,"$53,888* ","32,041 km",Automatic,6cyl 3.5L Petrol
2021 Mazda MX-30 G20e Evolve DR Series Auto,"$36,664 ",143 km,Automatic,4cyl 2.0L Petrol
2016 Mazda CX-5 Grand Touring KE Series 2 Auto i-ACTIV AWD,"$32,800 ","56,885 km",Automatic,4cyl 2.5L Petrol
2016 Hyundai Tucson Active X Auto 2WD,"$26,995* ","79,681 km",Automatic,4cyl 2.0L Petrol
2013 Nissan Pathfinder ST-L R52 Auto 4WD MY14,"$24,000* ","118,423 km",Automatic,6cyl 3.5L Petrol
2012 Hyundai Santa Fe Active Auto 4x4 MY13,"$14,748* ","240,223 km",Automatic,4cyl 2.4L Petrol
2013 Holden Captiva 7 SX CG Series II Auto MY12,"$9,999* ","175,621 km",Automatic,4cyl 2.4L Petrol
2021 Volvo XC60 T8 Polestar Auto 4x4 MY21,"$115,990* ","1,368 km",Automatic,2.0TSC/311kW Hybrid
2019 Volvo XC90 T6 R-Design Auto AWD MY20,"$91,999* ","30,609 km",Automatic,4cyl 2.0L TSPetrol
2020 Jeep Wrangler Unlimited Overland Auto 4x4 MY21,"$76,990* ","14,794 km",Automatic,6cyl 3.6L Petrol
2019 Land Rover Discovery Sport D180 R-Dynamic SE Auto 4x4 MY20,"$74,990* ","12,000 km",Automatic,4cyl 2.0L Turbo Diesel
2014 Toyota Landcruiser Prado Altitude Auto 4x4 MY14,"$51,990* ","148,365 km",Automatic,4cyl 3.0L Turbo Diesel
2015 Isuzu MU-X LS-M Auto 4x2 MY15,"$36,888* ","98,077 km",Automatic,4cyl 3.0L Turbo Diesel
2019 Suzuki Vitara Turbo Auto 2WD,"$30,995* ","33,968 km",Automatic,4cyl 1.4L Turbo Petrol
2020 Kia Seltos Sport Auto 2WD MY21,"$30,222* ","11,046 km",Automatic,4cyl 2.0L Petrol
2014 Nissan Pathfinder ST-L R52 Auto 2WD MY14,"$27,987* ","110,491 km",Automatic,6cyl 3.5L Petrol
2021 Haval Jolion Premium Auto,"$26,985 ",,Automatic,4cyl 1.5L Turbo Petrol
2014 Hyundai ix35 Trophy Auto,"$19,990* ","90,477 km",Automatic,4cyl 2.0L Petrol
2015 Nissan JUKE Ti-S F15 Series 2 Manual 2WD,"$12,980* ","164,116 km",Manual,4cyl 1.6L Turbo Petrol
2020 Mitsubishi Outlander PHEV ES ZL Auto AWD MY21,"$52,730 ",10 km,Automatic,2.4i/157kW Hybrid
2021 Renault Arkana Intens Auto,"$41,556 ",,Automatic,4cyl 1.3L Turbo Petrol
2021 Haval H6 Premium Auto,"$31,990 ",,Automatic,4cyl 2.0L Turbo Petrol
2016 Volkswagen Tiguan 132TSI Comfortline 5N Auto 4MOTION MY17,"$29,888* ","67,716 km",Automatic,4cyl 2.0L Turbo Petrol
2013 Toyota RAV4 Cruiser Auto AWD,"$27,450* ","84,000 km",Automatic,4cyl 2.5L Petrol
2018 Nissan X-TRAIL ST T32 Series II Auto 2WD,"$26,980* ","73,006 km",Automatic,4cyl 2.5L Petrol
2015 Hyundai ix35 Elite Auto AWD MY15,"$22,990* ","90,057 km",Automatic,4cyl 2.4L Petrol
2016 Mitsubishi ASX LS XB Manual 2WD MY15.5,"$19,950* ","66,787 km",Manual,4cyl 2.0L Petrol
2016 Mitsubishi ASX LS XB Auto 2WD MY15.5,"$19,898* ","86,303 km",Automatic,4cyl 2.0L Petrol
2020 Maserati Levante GranSport Auto MY20,"$143,878* ","15,249 km",Automatic,6cyl 3.0L Turbo Petrol
2021 BMW X3 M40i G01 Auto 4x4,"$122,900 ","2,410 km",Automatic,6cyl 3.0L Turbo Petrol
2017 BMW X5 xDrive30d F15 Auto 4x4,"$71,990 ","66,371 km",Automatic,6cyl 3.0L Turbo Diesel
2021 Jeep Compass Launch Edition Auto FWD MY21,"$44,990 ",,Automatic,4cyl 2.4L Petrol
2016 Hyundai Tucson Elite Auto AWD,"$23,888* ","117,594 km",Automatic,4cyl 1.6L Turbo Petrol
2021 Audi Q7 45 TDI Auto quattro MY22,"$138,800 ","2,041 km",Automatic,6cyl 3.0L Turbo Diesel
2021 Volvo XC60 T8 Polestar Auto 4x4 MY21,"$108,990* ","3,854 km",Automatic,2.0TSC/311kW Hybrid
2016 Porsche Cayenne Diesel Platinum Edition 92A Auto 4x4 MY17,"$86,900 ","72,294 km",Automatic,6cyl 3.0L Turbo Diesel
2021 Lexus UX UX200 F Sport Auto 2WD,"$66,880* ","4,091 km",Automatic,4cyl 2.0L Petrol
2018 Hyundai Santa Fe Highlander Auto 4x4 MY18,"$56,888* ","16,569 km",Automatic,4cyl 2.2L Turbo Diesel
